OPR_DT,OPR_HR,OPR_INTERVAL,INTERVALSTARTTIME_GMT,INTERVALENDTIME_GMT,TRADING_HUB,RENEWABLE_TYPE,LABEL,XML_DATA_ITEM,MARKET_RUN_ID_POS,RENEW_POS,MW,MARKET_RUN_ID,GROUP
2024-02-18,17,1,2024-02-19T00:00:00-00:00,2024-02-19T00:15:00-00:00,NP15,Solar,Renewable Forecast RTPD,RENEW_FCST_15MIN_MW,4,2,474.24,RTPD,1
2024-02-18,17,2,2024-02-19T00:15:00-00:00,2024-02-19T00:30:00-00:00,NP15,Solar,Renewable Forecast RTPD,RENEW_FCST_15MIN_MW,4,2,391.99,RTPD,1
2024-02-18,17,3,2024-02-19T00:30:00-00:00,2024-02-19T00:45:00-00:00,NP15,Solar,Renewable Forecast RTPD,RENEW_FCST_15MIN_MW,4,2,298.5,RTPD,1
2024-02-18,17,4,2024-02-19T00:45:00-00:00,2024-02-19T01:00:00-00:00,NP15,Solar,Renewable Forecast RTPD,RENEW_FCST_15MIN_MW,4,2,184.15,RTPD,1
2024-02-18,18,1,2024-02-19T01:00:00-00:00,2024-02-19T01:15:00-00:00,NP15,Solar,Renewable Forecast RTPD,RENEW_FCST_15MIN_MW,4,2,92.31,RTPD,1
2024-02-18,18,2,2024-02-19T01:15:00-00:00,2024-02-19T01:30:00-00:00,NP15,Solar,Renewable Forecast RTPD,RENEW_FCST_15MIN_MW,4,2,35.15,RTPD,1
2024-02-18,18,3,2024-02-19T01:30:00-00:00,2024-02-19T01:45:00-00:00,NP15,Solar,Renewable Forecast RTPD,RENEW_FCST_15MIN_MW,4,2,5.53,RTPD,1
2024-02-18,18,4,2024-02-19T01:45:00-00:00,2024-02-19T02:00:00-00:00,NP15,Solar,Renewable Forecast RTPD,RENEW_FCST_15MIN_MW,4,2,0.12,RTPD,1
2024-02-18,19,1,2024-02-19T02:00:00-00:00,2024-02-19T02:15:00-00:00,NP15,Solar,Renewable Forecast RTPD,RENEW_FCST_15MIN_MW,4,2,0,RTPD,1
2024-02-18,19,2,2024-02-19T02:15:00-00:00,2024-02-19T02:30:00-00:00,NP15,Solar,Renewable Forecast RTPD,RENEW_FCST_15MIN_MW,4,2,0,RTPD,1
2024-02-18,19,3,2024-02-19T02:30:00-00:00,2024-02-19T02:45:00-00:00,NP15,Solar,Renewable Forecast RTPD,RENEW_FCST_15MIN_MW,4,2,0,RTPD,1
2024-02-18,19,4,2024-02-19T02:45:00-00:00,2024-02-19T03:00:00-00:00,NP15,Solar,Renewable Forecast RTPD,RENEW_FCST_15MIN_MW,4,2,0,RTPD,1
2024-02-18,20,1,2024-02-19T03:00:00-00:00,2024-02-19T03:15:00-00:00,NP15,Solar,Renewable Forecast RTPD,RENEW_FCST_15MIN_MW,4,2,0,RTPD,1
2024-02-18,20,2,2024-02-19T03:15:00-00:00,2024-02-19T03:30:00-00:00,NP15,Solar,Renewable Forecast RTPD,RENEW_FCST_15MIN_MW,4,2,0,RTPD,1
2024-02-18,20,3,2024-02-19T03:30:00-00:00,2024-02-19T03:45:00-00:00,NP15,Solar,Renewable Forecast RTPD,RENEW_FCST_15MIN_MW,4,2,0,RTPD,1
2024-02-18,20,4,2024-02-19T03:45:00-00:00,2024-02-19T04:00:00-00:00,NP15,Solar,Renewable Forecast RTPD,RENEW_FCST_15MIN_MW,4,2,0,RTPD,1
2024-02-18,21,1,2024-02-19T04:00:00-00:00,2024-02-19T04:15:00-00:00,NP15,Solar,Renewable Forecast RTPD,RENEW_FCST_15MIN_MW,4,2,0,RTPD,1
2024-02-18,21,2,2024-02-19T04:15:00-00:00,2024-02-19T04:30:00-00:00,NP15,Solar,Renewable Forecast RTPD,RENEW_FCST_15MIN_MW,4,2,0,RTPD,1
2024-02-18,21,3,2024-02-19T04:30:00-00:00,2024-02-19T04:45:00-00:00,NP15,Solar,Renewable Forecast RTPD,RENEW_FCST_15MIN_MW,4,2,0,RTPD,1
2024-02-18,21,4,2024-02-19T04:45:00-00:00,2024-02-19T05:00:00-00:00,NP15,Solar,Renewable Forecast RTPD,RENEW_FCST_15MIN_MW,4,2,0,RTPD,1
2024-02-18,22,1,2024-02-19T05:00:00-00:00,2024-02-19T05:15:00-00:00,NP15,Solar,Renewable Forecast RTPD,RENEW_FCST_15MIN_MW,4,2,0,RTPD,1
2024-02-18,22,2,2024-02-19T05:15:00-00:00,2024-02-19T05:30:00-00:00,NP15,Solar,Renewable Forecast RTPD,RENEW_FCST_15MIN_MW,4,2,0,RTPD,1
2024-02-18,22,3,2024-02-19T05:30:00-00:00,2024-02-19T05:45:00-00:00,NP15,Solar,Renewable Forecast RTPD,RENEW_FCST_15MIN_MW,4,2,0,RTPD,1
2024-02-18,22,4,2024-02-19T05:45:00-00:00,2024-02-19T06:00:00-00:00,NP15,Solar,Renewable Forecast RTPD,RENEW_FCST_15MIN_MW,4,2,0,RTPD,1
2024-02-18,23,1,2024-02-19T06:00:00-00:00,2024-02-19T06:15:00-00:00,NP15,Solar,Renewable Forecast RTPD,RENEW_FCST_15MIN_MW,4,2,0,RTPD,1
2024-02-18,23,2,2024-02-19T06:15:00-00:00,2024-02-19T06:30:00-00:00,NP15,Solar,Renewable Forecast RTPD,RENEW_FCST_15MIN_MW,4,2,0,RTPD,1
2024-02-18,23,3,2024-02-19T06:30:00-00:00,2024-02-19T06:45:00-00:00,NP15,Solar,Renewable Forecast RTPD,RENEW_FCST_15MIN_MW,4,2,0,RTPD,1
2024-02-18,23,4,2024-02-19T06:45:00-00:00,2024-02-19T07:00:00-00:00,NP15,Solar,Renewable Forecast RTPD,RENEW_FCST_15MIN_MW,4,2,0,RTPD,1
2024-02-18,24,1,2024-02-19T07:00:00-00:00,2024-02-19T07:15:00-00:00,NP15,Solar,Renewable Forecast RTPD,RENEW_FCST_15MIN_MW,4,2,0,RTPD,1
2024-02-18,24,2,2024-02-19T07:15:00-00:00,2024-02-19T07:30:00-00:00,NP15,Solar,Renewable Forecast RTPD,RENEW_FCST_15MIN_MW,4,2,0,RTPD,1
2024-02-18,24,3,2024-02-19T07:30:00-00:00,2024-02-19T07:45:00-00:00,NP15,Solar,Renewable Forecast RTPD,RENEW_FCST_15MIN_MW,4,2,0,RTPD,1
2024-02-18,24,4,2024-02-19T07:45:00-00:00,2024-02-19T08:00:00-00:00,NP15,Solar,Renewable Forecast RTPD,RENEW_FCST_15MIN_MW,4,2,0,RTPD,1
2024-02-18,9,1,2024-02-18T16:00:00-00:00,2024-02-18T16:15:00-00:00,NP15,Solar,Renewable Forecast RTPD,RENEW_FCST_15MIN_MW,4,2,623.86,RTPD,1
2024-02-18,9,2,2024-02-18T16:15:00-00:00,2024-02-18T16:30:00-00:00,NP15,Solar,Renewable Forecast RTPD,RENEW_FCST_15MIN_MW,4,2,827.52,RTPD,1
2024-02-18,9,3,2024-02-18T16:30:00-00:00,2024-02-18T16:45:00-00:00,NP15,Solar,Renewable Forecast RTPD,RENEW_FCST_15MIN_MW,4,2,902.46,RTPD,1
2024-02-18,9,4,2024-02-18T16:45:00-00:00,2024-02-18T17:00:00-00:00,NP15,Solar,Renewable Forecast RTPD,RENEW_FCST_15MIN_MW,4,2,980.94,RTPD,1
2024-02-18,10,1,2024-02-18T17:00:00-00:00,2024-02-18T17:15:00-00:00,NP15,Solar,Renewable Forecast RTPD,RENEW_FCST_15MIN_MW,4,2,1048.88,RTPD,1
2024-02-18,10,2,2024-02-18T17:15:00-00:00,2024-02-18T17:30:00-00:00,NP15,Solar,Renewable Forecast RTPD,RENEW_FCST_15MIN_MW,4,2,1105.04,RTPD,1
2024-02-18,10,3,2024-02-18T17:30:00-00:00,2024-02-18T17:45:00-00:00,NP15,Solar,Renewable Forecast RTPD,RENEW_FCST_15MIN_MW,4,2,1244.09,RTPD,1
2024-02-18,10,4,2024-02-18T17:45:00-00:00,2024-02-18T18:00:00-00:00,NP15,Solar,Renewable Forecast RTPD,RENEW_FCST_15MIN_MW,4,2,1323.96,RTPD,1
2024-02-18,11,1,2024-02-18T18:00:00-00:00,2024-02-18T18:15:00-00:00,NP15,Solar,Renewable Forecast RTPD,RENEW_FCST_15MIN_MW,4,2,1382.26,RTPD,1
2024-02-18,11,2,2024-02-18T18:15:00-00:00,2024-02-18T18:30:00-00:00,NP15,Solar,Renewable Forecast RTPD,RENEW_FCST_15MIN_MW,4,2,1416.1,RTPD,1
2024-02-18,11,3,2024-02-18T18:30:00-00:00,2024-02-18T18:45:00-00:00,NP15,Solar,Renewable Forecast RTPD,RENEW_FCST_15MIN_MW,4,2,1451.09,RTPD,1
2024-02-18,11,4,2024-02-18T18:45:00-00:00,2024-02-18T19:00:00-00:00,NP15,Solar,Renewable Forecast RTPD,RENEW_FCST_15MIN_MW,4,2,1473.13,RTPD,1
2024-02-18,12,1,2024-02-18T19:00:00-00:00,2024-02-18T19:15:00-00:00,NP15,Solar,Renewable Forecast RTPD,RENEW_FCST_15MIN_MW,4,2,1472.55,RTPD,1
2024-02-18,12,2,2024-02-18T19:15:00-00:00,2024-02-18T19:30:00-00:00,NP15,Solar,Renewable Forecast RTPD,RENEW_FCST_15MIN_MW,4,2,1447.78,RTPD,1
2024-02-18,12,3,2024-02-18T19:30:00-00:00,2024-02-18T19:45:00-00:00,NP15,Solar,Renewable Forecast RTPD,RENEW_FCST_15MIN_MW,4,2,1427.22,RTPD,1
2024-02-18,12,4,2024-02-18T19:45:00-00:00,2024-02-18T20:00:00-00:00,NP15,Solar,Renewable Forecast RTPD,RENEW_FCST_15MIN_MW,4,2,1457.54,RTPD,1
2024-02-18,13,1,2024-02-18T20:00:00-00:00,2024-02-18T20:15:00-00:00,NP15,Solar,Renewable Forecast RTPD,RENEW_FCST_15MIN_MW,4,2,1465.13,RTPD,1
2024-02-18,13,2,2024-02-18T20:15:00-00:00,2024-02-18T20:30:00-00:00,NP15,Solar,Renewable Forecast RTPD,RENEW_FCST_15MIN_MW,4,2,1414.14,RTPD,1
2024-02-18,13,3,2024-02-18T20:30:00-00:00,2024-02-18T20:45:00-00:00,NP15,Solar,Renewable Forecast RTPD,RENEW_FCST_15MIN_MW,4,2,1423.26,RTPD,1
2024-02-18,13,4,2024-02-18T20:45:00-00:00,2024-02-18T21:00:00-00:00,NP15,Solar,Renewable Forecast RTPD,RENEW_FCST_15MIN_MW,4,2,1380.9,RTPD,1
2024-02-18,14,1,2024-02-18T21:00:00-00:00,2024-02-18T21:15:00-00:00,NP15,Solar,Renewable Forecast RTPD,RENEW_FCST_15MIN_MW,4,2,1362.43,RTPD,1
2024-02-18,14,2,2024-02-18T21:15:00-00:00,2024-02-18T21:30:00-00:00,NP15,Solar,Renewable Forecast RTPD,RENEW_FCST_15MIN_MW,4,2,1317.1,RTPD,1
2024-02-18,14,3,2024-02-18T21:30:00-00:00,2024-02-18T21:45:00-00:00,NP15,Solar,Renewable Forecast RTPD,RENEW_FCST_15MIN_MW,4,2,1257.32,RTPD,1
2024-02-18,14,4,2024-02-18T21:45:00-00:00,2024-02-18T22:00:00-00:00,NP15,Solar,Renewable Forecast RTPD,RENEW_FCST_15MIN_MW,4,2,1238.76,RTPD,1
2024-02-18,15,1,2024-02-18T22:00:00-00:00,2024-02-18T22:15:00-00:00,NP15,Solar,Renewable Forecast RTPD,RENEW_FCST_15MIN_MW,4,2,1159.34,RTPD,1
2024-02-18,15,2,2024-02-18T22:15:00-00:00,2024-02-18T22:30:00-00:00,NP15,Solar,Renewable Forecast RTPD,RENEW_FCST_15MIN_MW,4,2,1147.02,RTPD,1
2024-02-18,15,3,2024-02-18T22:30:00-00:00,2024-02-18T22:45:00-00:00,NP15,Solar,Renewable Forecast RTPD,RENEW_FCST_15MIN_MW,4,2,1058.67,RTPD,1
2024-02-18,15,4,2024-02-18T22:45:00-00:00,2024-02-18T23:00:00-00:00,NP15,Solar,Renewable Forecast RTPD,RENEW_FCST_15MIN_MW,4,2,978.3,RTPD,1
2024-02-18,16,1,2024-02-18T23:00:00-00:00,2024-02-18T23:15:00-00:00,NP15,Solar,Renewable Forecast RTPD,RENEW_FCST_15MIN_MW,4,2,980.16,RTPD,1
2024-02-18,16,2,2024-02-18T23:15:00-00:00,2024-02-18T23:30:00-00:00,NP15,Solar,Renewable Forecast RTPD,RENEW_FCST_15MIN_MW,4,2,875.21,RTPD,1
2024-02-18,16,3,2024-02-18T23:30:00-00:00,2024-02-18T23:45:00-00:00,NP15,Solar,Renewable Forecast RTPD,RENEW_FCST_15MIN_MW,4,2,799.19,RTPD,1
2024-02-18,16,4,2024-02-18T23:45:00-00:00,2024-02-19T00:00:00-00:00,NP15,Solar,Renewable Forecast RTPD,RENEW_FCST_15MIN_MW,4,2,678.8,RTPD,1
2024-02-18,1,1,2024-02-18T08:00:00-00:00,2024-02-18T08:15:00-00:00,NP15,Solar,Renewable Forecast RTPD,RENEW_FCST_15MIN_MW,4,2,0,RTPD,1
2024-02-18,1,2,2024-02-18T08:15:00-00:00,2024-02-18T08:30:00-00:00,NP15,Solar,Renewable Forecast RTPD,RENEW_FCST_15MIN_MW,4,2,0,RTPD,1
2024-02-18,1,3,2024-02-18T08:30:00-00:00,2024-02-18T08:45:00-00:00,NP15,Solar,Renewable Forecast RTPD,RENEW_FCST_15MIN_MW,4,2,0,RTPD,1
2024-02-18,1,4,2024-02-18T08:45:00-00:00,2024-02-18T09:00:00-00:00,NP15,Solar,Renewable Forecast RTPD,RENEW_FCST_15MIN_MW,4,2,0,RTPD,1
2024-02-18,2,1,2024-02-18T09:00:00-00:00,2024-02-18T09:15:00-00:00,NP15,Solar,Renewable Forecast RTPD,RENEW_FCST_15MIN_MW,4,2,0,RTPD,1
2024-02-18,2,2,2024-02-18T09:15:00-00:00,2024-02-18T09:30:00-00:00,NP15,Solar,Renewable Forecast RTPD,RENEW_FCST_15MIN_MW,4,2,0,RTPD,1
2024-02-18,2,3,2024-02-18T09:30:00-00:00,2024-02-18T09:45:00-00:00,NP15,Solar,Renewable Forecast RTPD,RENEW_FCST_15MIN_MW,4,2,0,RTPD,1
2024-02-18,2,4,2024-02-18T09:45:00-00:00,2024-02-18T10:00:00-00:00,NP15,Solar,Renewable Forecast RTPD,RENEW_FCST_15MIN_MW,4,2,0,RTPD,1
2024-02-18,3,1,2024-02-18T10:00:00-00:00,2024-02-18T10:15:00-00:00,NP15,Solar,Renewable Forecast RTPD,RENEW_FCST_15MIN_MW,4,2,0,RTPD,1
2024-02-18,3,2,2024-02-18T10:15:00-00:00,2024-02-18T10:30:00-00:00,NP15,Solar,Renewable Forecast RTPD,RENEW_FCST_15MIN_MW,4,2,0,RTPD,1
2024-02-18,3,3,2024-02-18T10:30:00-00:00,2024-02-18T10:45:00-00:00,NP15,Solar,Renewable Forecast RTPD,RENEW_FCST_15MIN_MW,4,2,0,RTPD,1
2024-02-18,3,4,2024-02-18T10:45:00-00:00,2024-02-18T11:00:00-00:00,NP15,Solar,Renewable Forecast RTPD,RENEW_FCST_15MIN_MW,4,2,0,RTPD,1
2024-02-18,4,1,2024-02-18T11:00:00-00:00,2024-02-18T11:15:00-00:00,NP15,Solar,Renewable Forecast RTPD,RENEW_FCST_15MIN_MW,4,2,0,RTPD,1
2024-02-18,4,2,2024-02-18T11:15:00-00:00,2024-02-18T11:30:00-00:00,NP15,Solar,Renewable Forecast RTPD,RENEW_FCST_15MIN_MW,4,2,0,RTPD,1
2024-02-18,4,3,2024-02-18T11:30:00-00:00,2024-02-18T11:45:00-00:00,NP15,Solar,Renewable Forecast RTPD,RENEW_FCST_15MIN_MW,4,2,0,RTPD,1
2024-02-18,4,4,2024-02-18T11:45:00-00:00,2024-02-18T12:00:00-00:00,NP15,Solar,Renewable Forecast RTPD,RENEW_FCST_15MIN_MW,4,2,0,RTPD,1
2024-02-18,5,1,2024-02-18T12:00:00-00:00,2024-02-18T12:15:00-00:00,NP15,Solar,Renewable Forecast RTPD,RENEW_FCST_15MIN_MW,4,2,0,RTPD,1
2024-02-18,5,2,2024-02-18T12:15:00-00:00,2024-02-18T12:30:00-00:00,NP15,Solar,Renewable Forecast RTPD,RENEW_FCST_15MIN_MW,4,2,0,RTPD,1
2024-02-18,5,3,2024-02-18T12:30:00-00:00,2024-02-18T12:45:00-00:00,NP15,Solar,Renewable Forecast RTPD,RENEW_FCST_15MIN_MW,4,2,0,RTPD,1
2024-02-18,5,4,2024-02-18T12:45:00-00:00,2024-02-18T13:00:00-00:00,NP15,Solar,Renewable Forecast RTPD,RENEW_FCST_15MIN_MW,4,2,0,RTPD,1
2024-02-18,6,1,2024-02-18T13:00:00-00:00,2024-02-18T13:15:00-00:00,NP15,Solar,Renewable Forecast RTPD,RENEW_FCST_15MIN_MW,4,2,0,RTPD,1
2024-02-18,6,2,2024-02-18T13:15:00-00:00,2024-02-18T13:30:00-00:00,NP15,Solar,Renewable Forecast RTPD,RENEW_FCST_15MIN_MW,4,2,0,RTPD,1
2024-02-18,6,3,2024-02-18T13:30:00-00:00,2024-02-18T13:45:00-00:00,NP15,Solar,Renewable Forecast RTPD,RENEW_FCST_15MIN_MW,4,2,0,RTPD,1
2024-02-18,6,4,2024-02-18T13:45:00-00:00,2024-02-18T14:00:00-00:00,NP15,Solar,Renewable Forecast RTPD,RENEW_FCST_15MIN_MW,4,2,0,RTPD,1
2024-02-18,7,1,2024-02-18T14:00:00-00:00,2024-02-18T14:15:00-00:00,NP15,Solar,Renewable Forecast RTPD,RENEW_FCST_15MIN_MW,4,2,0,RTPD,1
2024-02-18,7,2,2024-02-18T14:15:00-00:00,2024-02-18T14:30:00-00:00,NP15,Solar,Renewable Forecast RTPD,RENEW_FCST_15MIN_MW,4,2,0,RTPD,1
2024-02-18,7,3,2024-02-18T14:30:00-00:00,2024-02-18T14:45:00-00:00,NP15,Solar,Renewable Forecast RTPD,RENEW_FCST_15MIN_MW,4,2,0.01,RTPD,1
2024-02-18,7,4,2024-02-18T14:45:00-00:00,2024-02-18T15:00:00-00:00,NP15,Solar,Renewable Forecast RTPD,RENEW_FCST_15MIN_MW,4,2,3.58,RTPD,1
2024-02-18,8,1,2024-02-18T15:00:00-00:00,2024-02-18T15:15:00-00:00,NP15,Solar,Renewable Forecast RTPD,RENEW_FCST_15MIN_MW,4,2,37.49,RTPD,1
2024-02-18,8,2,2024-02-18T15:15:00-00:00,2024-02-18T15:30:00-00:00,NP15,Solar,Renewable Forecast RTPD,RENEW_FCST_15MIN_MW,4,2,131.72,RTPD,1
2024-02-18,8,3,2024-02-18T15:30:00-00:00,2024-02-18T15:45:00-00:00,NP15,Solar,Renewable Forecast RTPD,RENEW_FCST_15MIN_MW,4,2,263.34,RTPD,1
2024-02-18,8,4,2024-02-18T15:45:00-00:00,2024-02-18T16:00:00-00:00,NP15,Solar,Renewable Forecast RTPD,RENEW_FCST_15MIN_MW,4,2,433.09,RTPD,1
2024-02-18,1,1,2024-02-18T08:00:00-00:00,2024-02-18T08:15:00-00:00,NP15,Wind,Renewable Forecast RTPD,RENEW_FCST_15MIN_MW,4,1,194.47,RTPD,2
2024-02-18,1,2,2024-02-18T08:15:00-00:00,2024-02-18T08:30:00-00:00,NP15,Wind,Renewable Forecast RTPD,RENEW_FCST_15MIN_MW,4,1,194.91,RTPD,2
2024-02-18,1,3,2024-02-18T08:30:00-00:00,2024-02-18T08:45:00-00:00,NP15,Wind,Renewable Forecast RTPD,RENEW_FCST_15MIN_MW,4,1,192.12,RTPD,2
2024-02-18,1,4,2024-02-18T08:45:00-00:00,2024-02-18T09:00:00-00:00,NP15,Wind,Renewable Forecast RTPD,RENEW_FCST_15MIN_MW,4,1,206.99,RTPD,2
2024-02-18,2,1,2024-02-18T09:00:00-00:00,2024-02-18T09:15:00-00:00,NP15,Wind,Renewable Forecast RTPD,RENEW_FCST_15MIN_MW,4,1,227.92,RTPD,2
2024-02-18,2,2,2024-02-18T09:15:00-00:00,2024-02-18T09:30:00-00:00,NP15,Wind,Renewable Forecast RTPD,RENEW_FCST_15MIN_MW,4,1,225.34,RTPD,2
2024-02-18,2,3,2024-02-18T09:30:00-00:00,2024-02-18T09:45:00-00:00,NP15,Wind,Renewable Forecast RTPD,RENEW_FCST_15MIN_MW,4,1,222.18,RTPD,2
2024-02-18,2,4,2024-02-18T09:45:00-00:00,2024-02-18T10:00:00-00:00,NP15,Wind,Renewable Forecast RTPD,RENEW_FCST_15MIN_MW,4,1,214.78,RTPD,2
2024-02-18,3,1,2024-02-18T10:00:00-00:00,2024-02-18T10:15:00-00:00,NP15,Wind,Renewable Forecast RTPD,RENEW_FCST_15MIN_MW,4,1,213.47,RTPD,2
2024-02-18,3,2,2024-02-18T10:15:00-00:00,2024-02-18T10:30:00-00:00,NP15,Wind,Renewable Forecast RTPD,RENEW_FCST_15MIN_MW,4,1,210.07,RTPD,2
2024-02-18,3,3,2024-02-18T10:30:00-00:00,2024-02-18T10:45:00-00:00,NP15,Wind,Renewable Forecast RTPD,RENEW_FCST_15MIN_MW,4,1,210.6,RTPD,2
2024-02-18,3,4,2024-02-18T10:45:00-00:00,2024-02-18T11:00:00-00:00,NP15,Wind,Renewable Forecast RTPD,RENEW_FCST_15MIN_MW,4,1,207.95,RTPD,2
2024-02-18,4,1,2024-02-18T11:00:00-00:00,2024-02-18T11:15:00-00:00,NP15,Wind,Renewable Forecast RTPD,RENEW_FCST_15MIN_MW,4,1,208.38,RTPD,2
2024-02-18,4,2,2024-02-18T11:15:00-00:00,2024-02-18T11:30:00-00:00,NP15,Wind,Renewable Forecast RTPD,RENEW_FCST_15MIN_MW,4,1,188.76,RTPD,2
2024-02-18,4,3,2024-02-18T11:30:00-00:00,2024-02-18T11:45:00-00:00,NP15,Wind,Renewable Forecast RTPD,RENEW_FCST_15MIN_MW,4,1,199.27,RTPD,2
2024-02-18,4,4,2024-02-18T11:45:00-00:00,2024-02-18T12:00:00-00:00,NP15,Wind,Renewable Forecast RTPD,RENEW_FCST_15MIN_MW,4,1,219.26,RTPD,2
2024-02-18,5,1,2024-02-18T12:00:00-00:00,2024-02-18T12:15:00-00:00,NP15,Wind,Renewable Forecast RTPD,RENEW_FCST_15MIN_MW,4,1,224.14,RTPD,2
2024-02-18,5,2,2024-02-18T12:15:00-00:00,2024-02-18T12:30:00-00:00,NP15,Wind,Renewable Forecast RTPD,RENEW_FCST_15MIN_MW,4,1,223.5,RTPD,2
2024-02-18,5,3,2024-02-18T12:30:00-00:00,2024-02-18T12:45:00-00:00,NP15,Wind,Renewable Forecast RTPD,RENEW_FCST_15MIN_MW,4,1,235.22,RTPD,2
2024-02-18,5,4,2024-02-18T12:45:00-00:00,2024-02-18T13:00:00-00:00,NP15,Wind,Renewable Forecast RTPD,RENEW_FCST_15MIN_MW,4,1,240.09,RTPD,2
2024-02-18,6,1,2024-02-18T13:00:00-00:00,2024-02-18T13:15:00-00:00,NP15,Wind,Renewable Forecast RTPD,RENEW_FCST_15MIN_MW,4,1,284.75,RTPD,2
2024-02-18,6,2,2024-02-18T13:15:00-00:00,2024-02-18T13:30:00-00:00,NP15,Wind,Renewable Forecast RTPD,RENEW_FCST_15MIN_MW,4,1,297.81,RTPD,2
2024-02-18,6,3,2024-02-18T13:30:00-00:00,2024-02-18T13:45:00-00:00,NP15,Wind,Renewable Forecast RTPD,RENEW_FCST_15MIN_MW,4,1,308.47,RTPD,2
2024-02-18,6,4,2024-02-18T13:45:00-00:00,2024-02-18T14:00:00-00:00,NP15,Wind,Renewable Forecast RTPD,RENEW_FCST_15MIN_MW,4,1,342.87,RTPD,2
2024-02-18,7,1,2024-02-18T14:00:00-00:00,2024-02-18T14:15:00-00:00,NP15,Wind,Renewable Forecast RTPD,RENEW_FCST_15MIN_MW,4,1,342.67,RTPD,2
2024-02-18,7,2,2024-02-18T14:15:00-00:00,2024-02-18T14:30:00-00:00,NP15,Wind,Renewable Forecast RTPD,RENEW_FCST_15MIN_MW,4,1,325.21,RTPD,2
2024-02-18,7,3,2024-02-18T14:30:00-00:00,2024-02-18T14:45:00-00:00,NP15,Wind,Renewable Forecast RTPD,RENEW_FCST_15MIN_MW,4,1,311.24,RTPD,2
2024-02-18,7,4,2024-02-18T14:45:00-00:00,2024-02-18T15:00:00-00:00,NP15,Wind,Renewable Forecast RTPD,RENEW_FCST_15MIN_MW,4,1,328.25,RTPD,2
2024-02-18,8,1,2024-02-18T15:00:00-00:00,2024-02-18T15:15:00-00:00,NP15,Wind,Renewable Forecast RTPD,RENEW_FCST_15MIN_MW,4,1,335.34,RTPD,2
2024-02-18,8,2,2024-02-18T15:15:00-00:00,2024-02-18T15:30:00-00:00,NP15,Wind,Renewable Forecast RTPD,RENEW_FCST_15MIN_MW,4,1,323.54,RTPD,2
2024-02-18,8,3,2024-02-18T15:30:00-00:00,2024-02-18T15:45:00-00:00,NP15,Wind,Renewable Forecast RTPD,RENEW_FCST_15MIN_MW,4,1,296.41,RTPD,2
2024-02-18,8,4,2024-02-18T15:45:00-00:00,2024-02-18T16:00:00-00:00,NP15,Wind,Renewable Forecast RTPD,RENEW_FCST_15MIN_MW,4,1,277.67,RTPD,2
2024-02-18,17,1,2024-02-19T00:00:00-00:00,2024-02-19T00:15:00-00:00,NP15,Wind,Renewable Forecast RTPD,RENEW_FCST_15MIN_MW,4,1,876.16,RTPD,2
2024-02-18,17,2,2024-02-19T00:15:00-00:00,2024-02-19T00:30:00-00:00,NP15,Wind,Renewable Forecast RTPD,RENEW_FCST_15MIN_MW,4,1,865.82,RTPD,2
2024-02-18,17,3,2024-02-19T00:30:00-00:00,2024-02-19T00:45:00-00:00,NP15,Wind,Renewable Forecast RTPD,RENEW_FCST_15MIN_MW,4,1,902.74,RTPD,2
2024-02-18,17,4,2024-02-19T00:45:00-00:00,2024-02-19T01:00:00-00:00,NP15,Wind,Renewable Forecast RTPD,RENEW_FCST_15MIN_MW,4,1,896.13,RTPD,2
2024-02-18,18,1,2024-02-19T01:00:00-00:00,2024-02-19T01:15:00-00:00,NP15,Wind,Renewable Forecast RTPD,RENEW_FCST_15MIN_MW,4,1,912.58,RTPD,2
2024-02-18,18,2,2024-02-19T01:15:00-00:00,2024-02-19T01:30:00-00:00,NP15,Wind,Renewable Forecast RTPD,RENEW_FCST_15MIN_MW,4,1,912.2,RTPD,2
2024-02-18,18,3,2024-02-19T01:30:00-00:00,2024-02-19T01:45:00-00:00,NP15,Wind,Renewable Forecast RTPD,RENEW_FCST_15MIN_MW,4,1,901.23,RTPD,2
2024-02-18,18,4,2024-02-19T01:45:00-00:00,2024-02-19T02:00:00-00:00,NP15,Wind,Renewable Forecast RTPD,RENEW_FCST_15MIN_MW,4,1,910.89,RTPD,2
2024-02-18,19,1,2024-02-19T02:00:00-00:00,2024-02-19T02:15:00-00:00,NP15,Wind,Renewable Forecast RTPD,RENEW_FCST_15MIN_MW,4,1,909.45,RTPD,2
2024-02-18,19,2,2024-02-19T02:15:00-00:00,2024-02-19T02:30:00-00:00,NP15,Wind,Renewable Forecast RTPD,RENEW_FCST_15MIN_MW,4,1,922.53,RTPD,2
2024-02-18,19,3,2024-02-19T02:30:00-00:00,2024-02-19T02:45:00-00:00,NP15,Wind,Renewable Forecast RTPD,RENEW_FCST_15MIN_MW,4,1,922.96,RTPD,2
2024-02-18,19,4,2024-02-19T02:45:00-00:00,2024-02-19T03:00:00-00:00,NP15,Wind,Renewable Forecast RTPD,RENEW_FCST_15MIN_MW,4,1,916.76,RTPD,2
2024-02-18,20,1,2024-02-19T03:00:00-00:00,2024-02-19T03:15:00-00:00,NP15,Wind,Renewable Forecast RTPD,RENEW_FCST_15MIN_MW,4,1,889.51,RTPD,2
2024-02-18,20,2,2024-02-19T03:15:00-00:00,2024-02-19T03:30:00-00:00,NP15,Wind,Renewable Forecast RTPD,RENEW_FCST_15MIN_MW,4,1,866.05,RTPD,2
2024-02-18,20,3,2024-02-19T03:30:00-00:00,2024-02-19T03:45:00-00:00,NP15,Wind,Renewable Forecast RTPD,RENEW_FCST_15MIN_MW,4,1,849.57,RTPD,2
2024-02-18,20,4,2024-02-19T03:45:00-00:00,2024-02-19T04:00:00-00:00,NP15,Wind,Renewable Forecast RTPD,RENEW_FCST_15MIN_MW,4,1,835.41,RTPD,2
2024-02-18,21,1,2024-02-19T04:00:00-00:00,2024-02-19T04:15:00-00:00,NP15,Wind,Renewable Forecast RTPD,RENEW_FCST_15MIN_MW,4,1,814.11,RTPD,2
2024-02-18,21,2,2024-02-19T04:15:00-00:00,2024-02-19T04:30:00-00:00,NP15,Wind,Renewable Forecast RTPD,RENEW_FCST_15MIN_MW,4,1,693.64,RTPD,2
2024-02-18,21,3,2024-02-19T04:30:00-00:00,2024-02-19T04:45:00-00:00,NP15,Wind,Renewable Forecast RTPD,RENEW_FCST_15MIN_MW,4,1,601.71,RTPD,2
2024-02-18,21,4,2024-02-19T04:45:00-00:00,2024-02-19T05:00:00-00:00,NP15,Wind,Renewable Forecast RTPD,RENEW_FCST_15MIN_MW,4,1,536.46,RTPD,2
2024-02-18,22,1,2024-02-19T05:00:00-00:00,2024-02-19T05:15:00-00:00,NP15,Wind,Renewable Forecast RTPD,RENEW_FCST_15MIN_MW,4,1,382.91,RTPD,2
2024-02-18,22,2,2024-02-19T05:15:00-00:00,2024-02-19T05:30:00-00:00,NP15,Wind,Renewable Forecast RTPD,RENEW_FCST_15MIN_MW,4,1,449.78,RTPD,2
2024-02-18,22,3,2024-02-19T05:30:00-00:00,2024-02-19T05:45:00-00:00,NP15,Wind,Renewable Forecast RTPD,RENEW_FCST_15MIN_MW,4,1,397.55,RTPD,2
2024-02-18,22,4,2024-02-19T05:45:00-00:00,2024-02-19T06:00:00-00:00,NP15,Wind,Renewable Forecast RTPD,RENEW_FCST_15MIN_MW,4,1,282.87,RTPD,2
2024-02-18,23,1,2024-02-19T06:00:00-00:00,2024-02-19T06:15:00-00:00,NP15,Wind,Renewable Forecast RTPD,RENEW_FCST_15MIN_MW,4,1,272.09,RTPD,2
2024-02-18,23,2,2024-02-19T06:15:00-00:00,2024-02-19T06:30:00-00:00,NP15,Wind,Renewable Forecast RTPD,RENEW_FCST_15MIN_MW,4,1,242.27,RTPD,2
2024-02-18,23,3,2024-02-19T06:30:00-00:00,2024-02-19T06:45:00-00:00,NP15,Wind,Renewable Forecast RTPD,RENEW_FCST_15MIN_MW,4,1,232.74,RTPD,2
2024-02-18,23,4,2024-02-19T06:45:00-00:00,2024-02-19T07:00:00-00:00,NP15,Wind,Renewable Forecast RTPD,RENEW_FCST_15MIN_MW,4,1,283.76,RTPD,2
2024-02-18,24,1,2024-02-19T07:00:00-00:00,2024-02-19T07:15:00-00:00,NP15,Wind,Renewable Forecast RTPD,RENEW_FCST_15MIN_MW,4,1,308.91,RTPD,2
2024-02-18,24,2,2024-02-19T07:15:00-00:00,2024-02-19T07:30:00-00:00,NP15,Wind,Renewable Forecast RTPD,RENEW_FCST_15MIN_MW,4,1,293.68,RTPD,2
2024-02-18,24,3,2024-02-19T07:30:00-00:00,2024-02-19T07:45:00-00:00,NP15,Wind,Renewable Forecast RTPD,RENEW_FCST_15MIN_MW,4,1,266.55,RTPD,2
2024-02-18,24,4,2024-02-19T07:45:00-00:00,2024-02-19T08:00:00-00:00,NP15,Wind,Renewable Forecast RTPD,RENEW_FCST_15MIN_MW,4,1,247.23,RTPD,2
2024-02-18,9,1,2024-02-18T16:00:00-00:00,2024-02-18T16:15:00-00:00,NP15,Wind,Renewable Forecast RTPD,RENEW_FCST_15MIN_MW,4,1,263.5,RTPD,2
2024-02-18,9,2,2024-02-18T16:15:00-00:00,2024-02-18T16:30:00-00:00,NP15,Wind,Renewable Forecast RTPD,RENEW_FCST_15MIN_MW,4,1,252.22,RTPD,2
2024-02-18,9,3,2024-02-18T16:30:00-00:00,2024-02-18T16:45:00-00:00,NP15,Wind,Renewable Forecast RTPD,RENEW_FCST_15MIN_MW,4,1,229.22,RTPD,2
2024-02-18,9,4,2024-02-18T16:45:00-00:00,2024-02-18T17:00:00-00:00,NP15,Wind,Renewable Forecast RTPD,RENEW_FCST_15MIN_MW,4,1,210.87,RTPD,2
2024-02-18,10,1,2024-02-18T17:00:00-00:00,2024-02-18T17:15:00-00:00,NP15,Wind,Renewable Forecast RTPD,RENEW_FCST_15MIN_MW,4,1,238.25,RTPD,2
2024-02-18,10,2,2024-02-18T17:15:00-00:00,2024-02-18T17:30:00-00:00,NP15,Wind,Renewable Forecast RTPD,RENEW_FCST_15MIN_MW,4,1,238.73,RTPD,2
2024-02-18,10,3,2024-02-18T17:30:00-00:00,2024-02-18T17:45:00-00:00,NP15,Wind,Renewable Forecast RTPD,RENEW_FCST_15MIN_MW,4,1,232.8,RTPD,2
2024-02-18,10,4,2024-02-18T17:45:00-00:00,2024-02-18T18:00:00-00:00,NP15,Wind,Renewable Forecast RTPD,RENEW_FCST_15MIN_MW,4,1,180.25,RTPD,2
2024-02-18,11,1,2024-02-18T18:00:00-00:00,2024-02-18T18:15:00-00:00,NP15,Wind,Renewable Forecast RTPD,RENEW_FCST_15MIN_MW,4,1,220.62,RTPD,2
2024-02-18,11,2,2024-02-18T18:15:00-00:00,2024-02-18T18:30:00-00:00,NP15,Wind,Renewable Forecast RTPD,RENEW_FCST_15MIN_MW,4,1,241.7,RTPD,2
2024-02-18,11,3,2024-02-18T18:30:00-00:00,2024-02-18T18:45:00-00:00,NP15,Wind,Renewable Forecast RTPD,RENEW_FCST_15MIN_MW,4,1,253.74,RTPD,2
2024-02-18,11,4,2024-02-18T18:45:00-00:00,2024-02-18T19:00:00-00:00,NP15,Wind,Renewable Forecast RTPD,RENEW_FCST_15MIN_MW,4,1,266.26,RTPD,2
2024-02-18,12,1,2024-02-18T19:00:00-00:00,2024-02-18T19:15:00-00:00,NP15,Wind,Renewable Forecast RTPD,RENEW_FCST_15MIN_MW,4,1,256.16,RTPD,2
2024-02-18,12,2,2024-02-18T19:15:00-00:00,2024-02-18T19:30:00-00:00,NP15,Wind,Renewable Forecast RTPD,RENEW_FCST_15MIN_MW,4,1,301.27,RTPD,2
2024-02-18,12,3,2024-02-18T19:30:00-00:00,2024-02-18T19:45:00-00:00,NP15,Wind,Renewable Forecast RTPD,RENEW_FCST_15MIN_MW,4,1,314.44,RTPD,2
2024-02-18,12,4,2024-02-18T19:45:00-00:00,2024-02-18T20:00:00-00:00,NP15,Wind,Renewable Forecast RTPD,RENEW_FCST_15MIN_MW,4,1,357.15,RTPD,2
2024-02-18,13,1,2024-02-18T20:00:00-00:00,2024-02-18T20:15:00-00:00,NP15,Wind,Renewable Forecast RTPD,RENEW_FCST_15MIN_MW,4,1,391.73,RTPD,2
2024-02-18,13,2,2024-02-18T20:15:00-00:00,2024-02-18T20:30:00-00:00,NP15,Wind,Renewable Forecast RTPD,RENEW_FCST_15MIN_MW,4,1,396.19,RTPD,2
2024-02-18,13,3,2024-02-18T20:30:00-00:00,2024-02-18T20:45:00-00:00,NP15,Wind,Renewable Forecast RTPD,RENEW_FCST_15MIN_MW,4,1,462.47,RTPD,2
2024-02-18,13,4,2024-02-18T20:45:00-00:00,2024-02-18T21:00:00-00:00,NP15,Wind,Renewable Forecast RTPD,RENEW_FCST_15MIN_MW,4,1,541.72,RTPD,2
2024-02-18,14,1,2024-02-18T21:00:00-00:00,2024-02-18T21:15:00-00:00,NP15,Wind,Renewable Forecast RTPD,RENEW_FCST_15MIN_MW,4,1,649.01,RTPD,2
2024-02-18,14,2,2024-02-18T21:15:00-00:00,2024-02-18T21:30:00-00:00,NP15,Wind,Renewable Forecast RTPD,RENEW_FCST_15MIN_MW,4,1,641.96,RTPD,2
2024-02-18,14,3,2024-02-18T21:30:00-00:00,2024-02-18T21:45:00-00:00,NP15,Wind,Renewable Forecast RTPD,RENEW_FCST_15MIN_MW,4,1,703.36,RTPD,2
2024-02-18,14,4,2024-02-18T21:45:00-00:00,2024-02-18T22:00:00-00:00,NP15,Wind,Renewable Forecast RTPD,RENEW_FCST_15MIN_MW,4,1,759.95,RTPD,2
2024-02-18,15,1,2024-02-18T22:00:00-00:00,2024-02-18T22:15:00-00:00,NP15,Wind,Renewable Forecast RTPD,RENEW_FCST_15MIN_MW,4,1,831.76,RTPD,2
2024-02-18,15,2,2024-02-18T22:15:00-00:00,2024-02-18T22:30:00-00:00,NP15,Wind,Renewable Forecast RTPD,RENEW_FCST_15MIN_MW,4,1,768.16,RTPD,2
2024-02-18,15,3,2024-02-18T22:30:00-00:00,2024-02-18T22:45:00-00:00,NP15,Wind,Renewable Forecast RTPD,RENEW_FCST_15MIN_MW,4,1,856.84,RTPD,2
2024-02-18,15,4,2024-02-18T22:45:00-00:00,2024-02-18T23:00:00-00:00,NP15,Wind,Renewable Forecast RTPD,RENEW_FCST_15MIN_MW,4,1,791.02,RTPD,2
2024-02-18,16,1,2024-02-18T23:00:00-00:00,2024-02-18T23:15:00-00:00,NP15,Wind,Renewable Forecast RTPD,RENEW_FCST_15MIN_MW,4,1,732.76,RTPD,2
2024-02-18,16,2,2024-02-18T23:15:00-00:00,2024-02-18T23:30:00-00:00,NP15,Wind,Renewable Forecast RTPD,RENEW_FCST_15MIN_MW,4,1,803.96,RTPD,2
2024-02-18,16,3,2024-02-18T23:30:00-00:00,2024-02-18T23:45:00-00:00,NP15,Wind,Renewable Forecast RTPD,RENEW_FCST_15MIN_MW,4,1,856.48,RTPD,2
2024-02-18,16,4,2024-02-18T23:45:00-00:00,2024-02-19T00:00:00-00:00,NP15,Wind,Renewable Forecast RTPD,RENEW_FCST_15MIN_MW,4,1,870.15,RTPD,2
2024-02-18,17,1,2024-02-19T00:00:00-00:00,2024-02-19T00:15:00-00:00,SP15,Solar,Renewable Forecast RTPD,RENEW_FCST_15MIN_MW,4,2,5536.94,RTPD,3
2024-02-18,17,2,2024-02-19T00:15:00-00:00,2024-02-19T00:30:00-00:00,SP15,Solar,Renewable Forecast RTPD,RENEW_FCST_15MIN_MW,4,2,4113.95,RTPD,3
2024-02-18,17,3,2024-02-19T00:30:00-00:00,2024-02-19T00:45:00-00:00,SP15,Solar,Renewable Forecast RTPD,RENEW_FCST_15MIN_MW,4,2,2658.23,RTPD,3
2024-02-18,17,4,2024-02-19T00:45:00-00:00,2024-02-19T01:00:00-00:00,SP15,Solar,Renewable Forecast RTPD,RENEW_FCST_15MIN_MW,4,2,1285.65,RTPD,3
2024-02-18,18,1,2024-02-19T01:00:00-00:00,2024-02-19T01:15:00-00:00,SP15,Solar,Renewable Forecast RTPD,RENEW_FCST_15MIN_MW,4,2,518.04,RTPD,3
2024-02-18,18,2,2024-02-19T01:15:00-00:00,2024-02-19T01:30:00-00:00,SP15,Solar,Renewable Forecast RTPD,RENEW_FCST_15MIN_MW,4,2,154.65,RTPD,3
2024-02-18,18,3,2024-02-19T01:30:00-00:00,2024-02-19T01:45:00-00:00,SP15,Solar,Renewable Forecast RTPD,RENEW_FCST_15MIN_MW,4,2,12.7,RTPD,3
2024-02-18,18,4,2024-02-19T01:45:00-00:00,2024-02-19T02:00:00-00:00,SP15,Solar,Renewable Forecast RTPD,RENEW_FCST_15MIN_MW,4,2,0,RTPD,3
2024-02-18,19,1,2024-02-19T02:00:00-00:00,2024-02-19T02:15:00-00:00,SP15,Solar,Renewable Forecast RTPD,RENEW_FCST_15MIN_MW,4,2,0,RTPD,3
2024-02-18,19,2,2024-02-19T02:15:00-00:00,2024-02-19T02:30:00-00:00,SP15,Solar,Renewable Forecast RTPD,RENEW_FCST_15MIN_MW,4,2,0,RTPD,3
2024-02-18,19,3,2024-02-19T02:30:00-00:00,2024-02-19T02:45:00-00:00,SP15,Solar,Renewable Forecast RTPD,RENEW_FCST_15MIN_MW,4,2,0,RTPD,3
2024-02-18,19,4,2024-02-19T02:45:00-00:00,2024-02-19T03:00:00-00:00,SP15,Solar,Renewable Forecast RTPD,RENEW_FCST_15MIN_MW,4,2,0,RTPD,3
2024-02-18,20,1,2024-02-19T03:00:00-00:00,2024-02-19T03:15:00-00:00,SP15,Solar,Renewable Forecast RTPD,RENEW_FCST_15MIN_MW,4,2,0,RTPD,3
2024-02-18,20,2,2024-02-19T03:15:00-00:00,2024-02-19T03:30:00-00:00,SP15,Solar,Renewable Forecast RTPD,RENEW_FCST_15MIN_MW,4,2,0,RTPD,3
2024-02-18,20,3,2024-02-19T03:30:00-00:00,2024-02-19T03:45:00-00:00,SP15,Solar,Renewable Forecast RTPD,RENEW_FCST_15MIN_MW,4,2,0,RTPD,3
2024-02-18,20,4,2024-02-19T03:45:00-00:00,2024-02-19T04:00:00-00:00,SP15,Solar,Renewable Forecast RTPD,RENEW_FCST_15MIN_MW,4,2,0,RTPD,3
2024-02-18,21,1,2024-02-19T04:00:00-00:00,2024-02-19T04:15:00-00:00,SP15,Solar,Renewable Forecast RTPD,RENEW_FCST_15MIN_MW,4,2,0,RTPD,3
2024-02-18,21,2,2024-02-19T04:15:00-00:00,2024-02-19T04:30:00-00:00,SP15,Solar,Renewable Forecast RTPD,RENEW_FCST_15MIN_MW,4,2,0,RTPD,3
2024-02-18,21,3,2024-02-19T04:30:00-00:00,2024-02-19T04:45:00-00:00,SP15,Solar,Renewable Forecast RTPD,RENEW_FCST_15MIN_MW,4,2,0,RTPD,3
2024-02-18,21,4,2024-02-19T04:45:00-00:00,2024-02-19T05:00:00-00:00,SP15,Solar,Renewable Forecast RTPD,RENEW_FCST_15MIN_MW,4,2,0,RTPD,3
2024-02-18,22,1,2024-02-19T05:00:00-00:00,2024-02-19T05:15:00-00:00,SP15,Solar,Renewable Forecast RTPD,RENEW_FCST_15MIN_MW,4,2,0,RTPD,3
2024-02-18,22,2,2024-02-19T05:15:00-00:00,2024-02-19T05:30:00-00:00,SP15,Solar,Renewable Forecast RTPD,RENEW_FCST_15MIN_MW,4,2,0,RTPD,3
2024-02-18,22,3,2024-02-19T05:30:00-00:00,2024-02-19T05:45:00-00:00,SP15,Solar,Renewable Forecast RTPD,RENEW_FCST_15MIN_MW,4,2,0,RTPD,3
2024-02-18,22,4,2024-02-19T05:45:00-00:00,2024-02-19T06:00:00-00:00,SP15,Solar,Renewable Forecast RTPD,RENEW_FCST_15MIN_MW,4,2,0,RTPD,3
2024-02-18,23,1,2024-02-19T06:00:00-00:00,2024-02-19T06:15:00-00:00,SP15,Solar,Renewable Forecast RTPD,RENEW_FCST_15MIN_MW,4,2,0,RTPD,3
2024-02-18,23,2,2024-02-19T06:15:00-00:00,2024-02-19T06:30:00-00:00,SP15,Solar,Renewable Forecast RTPD,RENEW_FCST_15MIN_MW,4,2,0,RTPD,3
2024-02-18,23,3,2024-02-19T06:30:00-00:00,2024-02-19T06:45:00-00:00,SP15,Solar,Renewable Forecast RTPD,RENEW_FCST_15MIN_MW,4,2,0,RTPD,3
2024-02-18,23,4,2024-02-19T06:45:00-00:00,2024-02-19T07:00:00-00:00,SP15,Solar,Renewable Forecast RTPD,RENEW_FCST_15MIN_MW,4,2,0,RTPD,3
2024-02-18,24,1,2024-02-19T07:00:00-00:00,2024-02-19T07:15:00-00:00,SP15,Solar,Renewable Forecast RTPD,RENEW_FCST_15MIN_MW,4,2,0,RTPD,3
2024-02-18,24,2,2024-02-19T07:15:00-00:00,2024-02-19T07:30:00-00:00,SP15,Solar,Renewable Forecast RTPD,RENEW_FCST_15MIN_MW,4,2,0,RTPD,3
2024-02-18,24,3,2024-02-19T07:30:00-00:00,2024-02-19T07:45:00-00:00,SP15,Solar,Renewable Forecast RTPD,RENEW_FCST_15MIN_MW,4,2,0,RTPD,3
2024-02-18,24,4,2024-02-19T07:45:00-00:00,2024-02-19T08:00:00-00:00,SP15,Solar,Renewable Forecast RTPD,RENEW_FCST_15MIN_MW,4,2,0,RTPD,3
2024-02-18,1,1,2024-02-18T08:00:00-00:00,2024-02-18T08:15:00-00:00,SP15,Solar,Renewable Forecast RTPD,RENEW_FCST_15MIN_MW,4,2,0,RTPD,3
2024-02-18,1,2,2024-02-18T08:15:00-00:00,2024-02-18T08:30:00-00:00,SP15,Solar,Renewable Forecast RTPD,RENEW_FCST_15MIN_MW,4,2,0,RTPD,3
2024-02-18,1,3,2024-02-18T08:30:00-00:00,2024-02-18T08:45:00-00:00,SP15,Solar,Renewable Forecast RTPD,RENEW_FCST_15MIN_MW,4,2,0,RTPD,3
2024-02-18,1,4,2024-02-18T08:45:00-00:00,2024-02-18T09:00:00-00:00,SP15,Solar,Renewable Forecast RTPD,RENEW_FCST_15MIN_MW,4,2,0,RTPD,3
2024-02-18,2,1,2024-02-18T09:00:00-00:00,2024-02-18T09:15:00-00:00,SP15,Solar,Renewable Forecast RTPD,RENEW_FCST_15MIN_MW,4,2,0,RTPD,3
2024-02-18,2,2,2024-02-18T09:15:00-00:00,2024-02-18T09:30:00-00:00,SP15,Solar,Renewable Forecast RTPD,RENEW_FCST_15MIN_MW,4,2,0,RTPD,3
2024-02-18,2,3,2024-02-18T09:30:00-00:00,2024-02-18T09:45:00-00:00,SP15,Solar,Renewable Forecast RTPD,RENEW_FCST_15MIN_MW,4,2,0,RTPD,3
2024-02-18,2,4,2024-02-18T09:45:00-00:00,2024-02-18T10:00:00-00:00,SP15,Solar,Renewable Forecast RTPD,RENEW_FCST_15MIN_MW,4,2,0,RTPD,3
2024-02-18,3,1,2024-02-18T10:00:00-00:00,2024-02-18T10:15:00-00:00,SP15,Solar,Renewable Forecast RTPD,RENEW_FCST_15MIN_MW,4,2,0,RTPD,3
2024-02-18,3,2,2024-02-18T10:15:00-00:00,2024-02-18T10:30:00-00:00,SP15,Solar,Renewable Forecast RTPD,RENEW_FCST_15MIN_MW,4,2,0,RTPD,3
2024-02-18,3,3,2024-02-18T10:30:00-00:00,2024-02-18T10:45:00-00:00,SP15,Solar,Renewable Forecast RTPD,RENEW_FCST_15MIN_MW,4,2,0,RTPD,3
2024-02-18,3,4,2024-02-18T10:45:00-00:00,2024-02-18T11:00:00-00:00,SP15,Solar,Renewable Forecast RTPD,RENEW_FCST_15MIN_MW,4,2,0,RTPD,3
2024-02-18,4,1,2024-02-18T11:00:00-00:00,2024-02-18T11:15:00-00:00,SP15,Solar,Renewable Forecast RTPD,RENEW_FCST_15MIN_MW,4,2,0,RTPD,3
2024-02-18,4,2,2024-02-18T11:15:00-00:00,2024-02-18T11:30:00-00:00,SP15,Solar,Renewable Forecast RTPD,RENEW_FCST_15MIN_MW,4,2,0,RTPD,3
2024-02-18,4,3,2024-02-18T11:30:00-00:00,2024-02-18T11:45:00-00:00,SP15,Solar,Renewable Forecast RTPD,RENEW_FCST_15MIN_MW,4,2,0,RTPD,3
2024-02-18,4,4,2024-02-18T11:45:00-00:00,2024-02-18T12:00:00-00:00,SP15,Solar,Renewable Forecast RTPD,RENEW_FCST_15MIN_MW,4,2,0,RTPD,3
2024-02-18,5,1,2024-02-18T12:00:00-00:00,2024-02-18T12:15:00-00:00,SP15,Solar,Renewable Forecast RTPD,RENEW_FCST_15MIN_MW,4,2,0,RTPD,3
2024-02-18,5,2,2024-02-18T12:15:00-00:00,2024-02-18T12:30:00-00:00,SP15,Solar,Renewable Forecast RTPD,RENEW_FCST_15MIN_MW,4,2,0,RTPD,3
2024-02-18,5,3,2024-02-18T12:30:00-00:00,2024-02-18T12:45:00-00:00,SP15,Solar,Renewable Forecast RTPD,RENEW_FCST_15MIN_MW,4,2,0,RTPD,3
2024-02-18,5,4,2024-02-18T12:45:00-00:00,2024-02-18T13:00:00-00:00,SP15,Solar,Renewable Forecast RTPD,RENEW_FCST_15MIN_MW,4,2,0,RTPD,3
2024-02-18,6,1,2024-02-18T13:00:00-00:00,2024-02-18T13:15:00-00:00,SP15,Solar,Renewable Forecast RTPD,RENEW_FCST_15MIN_MW,4,2,0,RTPD,3
2024-02-18,6,2,2024-02-18T13:15:00-00:00,2024-02-18T13:30:00-00:00,SP15,Solar,Renewable Forecast RTPD,RENEW_FCST_15MIN_MW,4,2,0,RTPD,3
2024-02-18,6,3,2024-02-18T13:30:00-00:00,2024-02-18T13:45:00-00:00,SP15,Solar,Renewable Forecast RTPD,RENEW_FCST_15MIN_MW,4,2,0,RTPD,3
2024-02-18,6,4,2024-02-18T13:45:00-00:00,2024-02-18T14:00:00-00:00,SP15,Solar,Renewable Forecast RTPD,RENEW_FCST_15MIN_MW,4,2,0,RTPD,3
2024-02-18,7,1,2024-02-18T14:00:00-00:00,2024-02-18T14:15:00-00:00,SP15,Solar,Renewable Forecast RTPD,RENEW_FCST_15MIN_MW,4,2,0,RTPD,3
2024-02-18,7,2,2024-02-18T14:15:00-00:00,2024-02-18T14:30:00-00:00,SP15,Solar,Renewable Forecast RTPD,RENEW_FCST_15MIN_MW,4,2,18.7,RTPD,3
2024-02-18,7,3,2024-02-18T14:30:00-00:00,2024-02-18T14:45:00-00:00,SP15,Solar,Renewable Forecast RTPD,RENEW_FCST_15MIN_MW,4,2,199.78,RTPD,3
2024-02-18,7,4,2024-02-18T14:45:00-00:00,2024-02-18T15:00:00-00:00,SP15,Solar,Renewable Forecast RTPD,RENEW_FCST_15MIN_MW,4,2,778.27,RTPD,3
2024-02-18,8,1,2024-02-18T15:00:00-00:00,2024-02-18T15:15:00-00:00,SP15,Solar,Renewable Forecast RTPD,RENEW_FCST_15MIN_MW,4,2,1750.34,RTPD,3
2024-02-18,8,2,2024-02-18T15:15:00-00:00,2024-02-18T15:30:00-00:00,SP15,Solar,Renewable Forecast RTPD,RENEW_FCST_15MIN_MW,4,2,3096.01,RTPD,3
2024-02-18,8,3,2024-02-18T15:30:00-00:00,2024-02-18T15:45:00-00:00,SP15,Solar,Renewable Forecast RTPD,RENEW_FCST_15MIN_MW,4,2,4273.58,RTPD,3
2024-02-18,8,4,2024-02-18T15:45:00-00:00,2024-02-18T16:00:00-00:00,SP15,Solar,Renewable Forecast RTPD,RENEW_FCST_15MIN_MW,4,2,5497.33,RTPD,3
2024-02-18,9,1,2024-02-18T16:00:00-00:00,2024-02-18T16:15:00-00:00,SP15,Solar,Renewable Forecast RTPD,RENEW_FCST_15MIN_MW,4,2,7054.64,RTPD,3
2024-02-18,9,2,2024-02-18T16:15:00-00:00,2024-02-18T16:30:00-00:00,SP15,Solar,Renewable Forecast RTPD,RENEW_FCST_15MIN_MW,4,2,8053.49,RTPD,3
2024-02-18,9,3,2024-02-18T16:30:00-00:00,2024-02-18T16:45:00-00:00,SP15,Solar,Renewable Forecast RTPD,RENEW_FCST_15MIN_MW,4,2,8761.15,RTPD,3
2024-02-18,9,4,2024-02-18T16:45:00-00:00,2024-02-18T17:00:00-00:00,SP15,Solar,Renewable Forecast RTPD,RENEW_FCST_15MIN_MW,4,2,9135.02,RTPD,3
2024-02-18,10,1,2024-02-18T17:00:00-00:00,2024-02-18T17:15:00-00:00,SP15,Solar,Renewable Forecast RTPD,RENEW_FCST_15MIN_MW,4,2,9486.29,RTPD,3
2024-02-18,10,2,2024-02-18T17:15:00-00:00,2024-02-18T17:30:00-00:00,SP15,Solar,Renewable Forecast RTPD,RENEW_FCST_15MIN_MW,4,2,10047.89,RTPD,3
2024-02-18,10,3,2024-02-18T17:30:00-00:00,2024-02-18T17:45:00-00:00,SP15,Solar,Renewable Forecast RTPD,RENEW_FCST_15MIN_MW,4,2,10094.88,RTPD,3
2024-02-18,10,4,2024-02-18T17:45:00-00:00,2024-02-18T18:00:00-00:00,SP15,Solar,Renewable Forecast RTPD,RENEW_FCST_15MIN_MW,4,2,10191.27,RTPD,3
2024-02-18,11,1,2024-02-18T18:00:00-00:00,2024-02-18T18:15:00-00:00,SP15,Solar,Renewable Forecast RTPD,RENEW_FCST_15MIN_MW,4,2,10451.54,RTPD,3
2024-02-18,11,2,2024-02-18T18:15:00-00:00,2024-02-18T18:30:00-00:00,SP15,Solar,Renewable Forecast RTPD,RENEW_FCST_15MIN_MW,4,2,10515.63,RTPD,3
2024-02-18,11,3,2024-02-18T18:30:00-00:00,2024-02-18T18:45:00-00:00,SP15,Solar,Renewable Forecast RTPD,RENEW_FCST_15MIN_MW,4,2,10518.73,RTPD,3
2024-02-18,11,4,2024-02-18T18:45:00-00:00,2024-02-18T19:00:00-00:00,SP15,Solar,Renewable Forecast RTPD,RENEW_FCST_15MIN_MW,4,2,10493.12,RTPD,3
2024-02-18,12,1,2024-02-18T19:00:00-00:00,2024-02-18T19:15:00-00:00,SP15,Solar,Renewable Forecast RTPD,RENEW_FCST_15MIN_MW,4,2,10503.28,RTPD,3
2024-02-18,12,2,2024-02-18T19:15:00-00:00,2024-02-18T19:30:00-00:00,SP15,Solar,Renewable Forecast RTPD,RENEW_FCST_15MIN_MW,4,2,10468.76,RTPD,3
2024-02-18,12,3,2024-02-18T19:30:00-00:00,2024-02-18T19:45:00-00:00,SP15,Solar,Renewable Forecast RTPD,RENEW_FCST_15MIN_MW,4,2,10408.79,RTPD,3
2024-02-18,12,4,2024-02-18T19:45:00-00:00,2024-02-18T20:00:00-00:00,SP15,Solar,Renewable Forecast RTPD,RENEW_FCST_15MIN_MW,4,2,10372.89,RTPD,3
2024-02-18,13,1,2024-02-18T20:00:00-00:00,2024-02-18T20:15:00-00:00,SP15,Solar,Renewable Forecast RTPD,RENEW_FCST_15MIN_MW,4,2,10436.08,RTPD,3
2024-02-18,13,2,2024-02-18T20:15:00-00:00,2024-02-18T20:30:00-00:00,SP15,Solar,Renewable Forecast RTPD,RENEW_FCST_15MIN_MW,4,2,10552.83,RTPD,3
2024-02-18,13,3,2024-02-18T20:30:00-00:00,2024-02-18T20:45:00-00:00,SP15,Solar,Renewable Forecast RTPD,RENEW_FCST_15MIN_MW,4,2,10526.83,RTPD,3
2024-02-18,13,4,2024-02-18T20:45:00-00:00,2024-02-18T21:00:00-00:00,SP15,Solar,Renewable Forecast RTPD,RENEW_FCST_15MIN_MW,4,2,10518.67,RTPD,3
2024-02-18,14,1,2024-02-18T21:00:00-00:00,2024-02-18T21:15:00-00:00,SP15,Solar,Renewable Forecast RTPD,RENEW_FCST_15MIN_MW,4,2,10412.67,RTPD,3
2024-02-18,14,2,2024-02-18T21:15:00-00:00,2024-02-18T21:30:00-00:00,SP15,Solar,Renewable Forecast RTPD,RENEW_FCST_15MIN_MW,4,2,10362.03,RTPD,3
2024-02-18,14,3,2024-02-18T21:30:00-00:00,2024-02-18T21:45:00-00:00,SP15,Solar,Renewable Forecast RTPD,RENEW_FCST_15MIN_MW,4,2,10335.19,RTPD,3
2024-02-18,14,4,2024-02-18T21:45:00-00:00,2024-02-18T22:00:00-00:00,SP15,Solar,Renewable Forecast RTPD,RENEW_FCST_15MIN_MW,4,2,10153.56,RTPD,3
2024-02-18,15,1,2024-02-18T22:00:00-00:00,2024-02-18T22:15:00-00:00,SP15,Solar,Renewable Forecast RTPD,RENEW_FCST_15MIN_MW,4,2,10063.81,RTPD,3
2024-02-18,15,2,2024-02-18T22:15:00-00:00,2024-02-18T22:30:00-00:00,SP15,Solar,Renewable Forecast RTPD,RENEW_FCST_15MIN_MW,4,2,9967.55,RTPD,3
2024-02-18,15,3,2024-02-18T22:30:00-00:00,2024-02-18T22:45:00-00:00,SP15,Solar,Renewable Forecast RTPD,RENEW_FCST_15MIN_MW,4,2,9855.43,RTPD,3
2024-02-18,15,4,2024-02-18T22:45:00-00:00,2024-02-18T23:00:00-00:00,SP15,Solar,Renewable Forecast RTPD,RENEW_FCST_15MIN_MW,4,2,9685.21,RTPD,3
2024-02-18,16,1,2024-02-18T23:00:00-00:00,2024-02-18T23:15:00-00:00,SP15,Solar,Renewable Forecast RTPD,RENEW_FCST_15MIN_MW,4,2,9319.18,RTPD,3
2024-02-18,16,2,2024-02-18T23:15:00-00:00,2024-02-18T23:30:00-00:00,SP15,Solar,Renewable Forecast RTPD,RENEW_FCST_15MIN_MW,4,2,8955.31,RTPD,3
2024-02-18,16,3,2024-02-18T23:30:00-00:00,2024-02-18T23:45:00-00:00,SP15,Solar,Renewable Forecast RTPD,RENEW_FCST_15MIN_MW,4,2,8098.31,RTPD,3
2024-02-18,16,4,2024-02-18T23:45:00-00:00,2024-02-19T00:00:00-00:00,SP15,Solar,Renewable Forecast RTPD,RENEW_FCST_15MIN_MW,4,2,7049.36,RTPD,3
2024-02-18,1,1,2024-02-18T08:00:00-00:00,2024-02-18T08:15:00-00:00,SP15,Wind,Renewable Forecast RTPD,RENEW_FCST_15MIN_MW,4,1,1213.33,RTPD,4
2024-02-18,1,2,2024-02-18T08:15:00-00:00,2024-02-18T08:30:00-00:00,SP15,Wind,Renewable Forecast RTPD,RENEW_FCST_15MIN_MW,4,1,1188.73,RTPD,4
2024-02-18,1,3,2024-02-18T08:30:00-00:00,2024-02-18T08:45:00-00:00,SP15,Wind,Renewable Forecast RTPD,RENEW_FCST_15MIN_MW,4,1,1196.51,RTPD,4
2024-02-18,1,4,2024-02-18T08:45:00-00:00,2024-02-18T09:00:00-00:00,SP15,Wind,Renewable Forecast RTPD,RENEW_FCST_15MIN_MW,4,1,1167.65,RTPD,4
2024-02-18,2,1,2024-02-18T09:00:00-00:00,2024-02-18T09:15:00-00:00,SP15,Wind,Renewable Forecast RTPD,RENEW_FCST_15MIN_MW,4,1,1190.53,RTPD,4
2024-02-18,2,2,2024-02-18T09:15:00-00:00,2024-02-18T09:30:00-00:00,SP15,Wind,Renewable Forecast RTPD,RENEW_FCST_15MIN_MW,4,1,1222.85,RTPD,4
2024-02-18,2,3,2024-02-18T09:30:00-00:00,2024-02-18T09:45:00-00:00,SP15,Wind,Renewable Forecast RTPD,RENEW_FCST_15MIN_MW,4,1,1257.73,RTPD,4
2024-02-18,2,4,2024-02-18T09:45:00-00:00,2024-02-18T10:00:00-00:00,SP15,Wind,Renewable Forecast RTPD,RENEW_FCST_15MIN_MW,4,1,1380.44,RTPD,4
2024-02-18,3,1,2024-02-18T10:00:00-00:00,2024-02-18T10:15:00-00:00,SP15,Wind,Renewable Forecast RTPD,RENEW_FCST_15MIN_MW,4,1,1422.4,RTPD,4
2024-02-18,3,2,2024-02-18T10:15:00-00:00,2024-02-18T10:30:00-00:00,SP15,Wind,Renewable Forecast RTPD,RENEW_FCST_15MIN_MW,4,1,1470.45,RTPD,4
2024-02-18,3,3,2024-02-18T10:30:00-00:00,2024-02-18T10:45:00-00:00,SP15,Wind,Renewable Forecast RTPD,RENEW_FCST_15MIN_MW,4,1,1558.4,RTPD,4
2024-02-18,3,4,2024-02-18T10:45:00-00:00,2024-02-18T11:00:00-00:00,SP15,Wind,Renewable Forecast RTPD,RENEW_FCST_15MIN_MW,4,1,1627.4,RTPD,4
2024-02-18,4,1,2024-02-18T11:00:00-00:00,2024-02-18T11:15:00-00:00,SP15,Wind,Renewable Forecast RTPD,RENEW_FCST_15MIN_MW,4,1,1689.84,RTPD,4
2024-02-18,4,2,2024-02-18T11:15:00-00:00,2024-02-18T11:30:00-00:00,SP15,Wind,Renewable Forecast RTPD,RENEW_FCST_15MIN_MW,4,1,1694.15,RTPD,4
2024-02-18,4,3,2024-02-18T11:30:00-00:00,2024-02-18T11:45:00-00:00,SP15,Wind,Renewable Forecast RTPD,RENEW_FCST_15MIN_MW,4,1,1662.58,RTPD,4
2024-02-18,4,4,2024-02-18T11:45:00-00:00,2024-02-18T12:00:00-00:00,SP15,Wind,Renewable Forecast RTPD,RENEW_FCST_15MIN_MW,4,1,1630.53,RTPD,4
2024-02-18,5,1,2024-02-18T12:00:00-00:00,2024-02-18T12:15:00-00:00,SP15,Wind,Renewable Forecast RTPD,RENEW_FCST_15MIN_MW,4,1,1628.19,RTPD,4
2024-02-18,5,2,2024-02-18T12:15:00-00:00,2024-02-18T12:30:00-00:00,SP15,Wind,Renewable Forecast RTPD,RENEW_FCST_15MIN_MW,4,1,1697.1,RTPD,4
2024-02-18,5,3,2024-02-18T12:30:00-00:00,2024-02-18T12:45:00-00:00,SP15,Wind,Renewable Forecast RTPD,RENEW_FCST_15MIN_MW,4,1,1745.93,RTPD,4
2024-02-18,5,4,2024-02-18T12:45:00-00:00,2024-02-18T13:00:00-00:00,SP15,Wind,Renewable Forecast RTPD,RENEW_FCST_15MIN_MW,4,1,1773.43,RTPD,4
2024-02-18,6,1,2024-02-18T13:00:00-00:00,2024-02-18T13:15:00-00:00,SP15,Wind,Renewable Forecast RTPD,RENEW_FCST_15MIN_MW,4,1,1784.62,RTPD,4
2024-02-18,6,2,2024-02-18T13:15:00-00:00,2024-02-18T13:30:00-00:00,SP15,Wind,Renewable Forecast RTPD,RENEW_FCST_15MIN_MW,4,1,1769.37,RTPD,4
2024-02-18,6,3,2024-02-18T13:30:00-00:00,2024-02-18T13:45:00-00:00,SP15,Wind,Renewable Forecast RTPD,RENEW_FCST_15MIN_MW,4,1,1750.96,RTPD,4
2024-02-18,6,4,2024-02-18T13:45:00-00:00,2024-02-18T14:00:00-00:00,SP15,Wind,Renewable Forecast RTPD,RENEW_FCST_15MIN_MW,4,1,1725.3,RTPD,4
2024-02-18,7,1,2024-02-18T14:00:00-00:00,2024-02-18T14:15:00-00:00,SP15,Wind,Renewable Forecast RTPD,RENEW_FCST_15MIN_MW,4,1,1757.84,RTPD,4
2024-02-18,7,2,2024-02-18T14:15:00-00:00,2024-02-18T14:30:00-00:00,SP15,Wind,Renewable Forecast RTPD,RENEW_FCST_15MIN_MW,4,1,1769.7,RTPD,4
2024-02-18,7,3,2024-02-18T14:30:00-00:00,2024-02-18T14:45:00-00:00,SP15,Wind,Renewable Forecast RTPD,RENEW_FCST_15MIN_MW,4,1,1818.32,RTPD,4
2024-02-18,7,4,2024-02-18T14:45:00-00:00,2024-02-18T15:00:00-00:00,SP15,Wind,Renewable Forecast RTPD,RENEW_FCST_15MIN_MW,4,1,1778.48,RTPD,4
2024-02-18,8,1,2024-02-18T15:00:00-00:00,2024-02-18T15:15:00-00:00,SP15,Wind,Renewable Forecast RTPD,RENEW_FCST_15MIN_MW,4,1,1684.69,RTPD,4
2024-02-18,8,2,2024-02-18T15:15:00-00:00,2024-02-18T15:30:00-00:00,SP15,Wind,Renewable Forecast RTPD,RENEW_FCST_15MIN_MW,4,1,1662.35,RTPD,4
2024-02-18,8,3,2024-02-18T15:30:00-00:00,2024-02-18T15:45:00-00:00,SP15,Wind,Renewable Forecast RTPD,RENEW_FCST_15MIN_MW,4,1,1719.38,RTPD,4
2024-02-18,8,4,2024-02-18T15:45:00-00:00,2024-02-18T16:00:00-00:00,SP15,Wind,Renewable Forecast RTPD,RENEW_FCST_15MIN_MW,4,1,1865.41,RTPD,4
2024-02-18,9,1,2024-02-18T16:00:00-00:00,2024-02-18T16:15:00-00:00,SP15,Wind,Renewable Forecast RTPD,RENEW_FCST_15MIN_MW,4,1,1884.94,RTPD,4
2024-02-18,9,2,2024-02-18T16:15:00-00:00,2024-02-18T16:30:00-00:00,SP15,Wind,Renewable Forecast RTPD,RENEW_FCST_15MIN_MW,4,1,1827.94,RTPD,4
2024-02-18,9,3,2024-02-18T16:30:00-00:00,2024-02-18T16:45:00-00:00,SP15,Wind,Renewable Forecast RTPD,RENEW_FCST_15MIN_MW,4,1,1687.07,RTPD,4
2024-02-18,9,4,2024-02-18T16:45:00-00:00,2024-02-18T17:00:00-00:00,SP15,Wind,Renewable Forecast RTPD,RENEW_FCST_15MIN_MW,4,1,1640.34,RTPD,4
2024-02-18,10,1,2024-02-18T17:00:00-00:00,2024-02-18T17:15:00-00:00,SP15,Wind,Renewable Forecast RTPD,RENEW_FCST_15MIN_MW,4,1,1572.16,RTPD,4
2024-02-18,10,2,2024-02-18T17:15:00-00:00,2024-02-18T17:30:00-00:00,SP15,Wind,Renewable Forecast RTPD,RENEW_FCST_15MIN_MW,4,1,1512.81,RTPD,4
2024-02-18,10,3,2024-02-18T17:30:00-00:00,2024-02-18T17:45:00-00:00,SP15,Wind,Renewable Forecast RTPD,RENEW_FCST_15MIN_MW,4,1,1390,RTPD,4
2024-02-18,10,4,2024-02-18T17:45:00-00:00,2024-02-18T18:00:00-00:00,SP15,Wind,Renewable Forecast RTPD,RENEW_FCST_15MIN_MW,4,1,1191.05,RTPD,4
2024-02-18,11,1,2024-02-18T18:00:00-00:00,2024-02-18T18:15:00-00:00,SP15,Wind,Renewable Forecast RTPD,RENEW_FCST_15MIN_MW,4,1,1142.71,RTPD,4
2024-02-18,11,2,2024-02-18T18:15:00-00:00,2024-02-18T18:30:00-00:00,SP15,Wind,Renewable Forecast RTPD,RENEW_FCST_15MIN_MW,4,1,1076.89,RTPD,4
2024-02-18,11,3,2024-02-18T18:30:00-00:00,2024-02-18T18:45:00-00:00,SP15,Wind,Renewable Forecast RTPD,RENEW_FCST_15MIN_MW,4,1,886.95,RTPD,4
2024-02-18,11,4,2024-02-18T18:45:00-00:00,2024-02-18T19:00:00-00:00,SP15,Wind,Renewable Forecast RTPD,RENEW_FCST_15MIN_MW,4,1,853.89,RTPD,4
2024-02-18,12,1,2024-02-18T19:00:00-00:00,2024-02-18T19:15:00-00:00,SP15,Wind,Renewable Forecast RTPD,RENEW_FCST_15MIN_MW,4,1,802.87,RTPD,4
2024-02-18,12,2,2024-02-18T19:15:00-00:00,2024-02-18T19:30:00-00:00,SP15,Wind,Renewable Forecast RTPD,RENEW_FCST_15MIN_MW,4,1,779.04,RTPD,4
2024-02-18,12,3,2024-02-18T19:30:00-00:00,2024-02-18T19:45:00-00:00,SP15,Wind,Renewable Forecast RTPD,RENEW_FCST_15MIN_MW,4,1,763.85,RTPD,4
2024-02-18,12,4,2024-02-18T19:45:00-00:00,2024-02-18T20:00:00-00:00,SP15,Wind,Renewable Forecast RTPD,RENEW_FCST_15MIN_MW,4,1,770.14,RTPD,4
2024-02-18,13,1,2024-02-18T20:00:00-00:00,2024-02-18T20:15:00-00:00,SP15,Wind,Renewable Forecast RTPD,RENEW_FCST_15MIN_MW,4,1,748.26,RTPD,4
2024-02-18,13,2,2024-02-18T20:15:00-00:00,2024-02-18T20:30:00-00:00,SP15,Wind,Renewable Forecast RTPD,RENEW_FCST_15MIN_MW,4,1,744.98,RTPD,4
2024-02-18,13,3,2024-02-18T20:30:00-00:00,2024-02-18T20:45:00-00:00,SP15,Wind,Renewable Forecast RTPD,RENEW_FCST_15MIN_MW,4,1,769.22,RTPD,4
2024-02-18,13,4,2024-02-18T20:45:00-00:00,2024-02-18T21:00:00-00:00,SP15,Wind,Renewable Forecast RTPD,RENEW_FCST_15MIN_MW,4,1,735.07,RTPD,4
2024-02-18,14,1,2024-02-18T21:00:00-00:00,2024-02-18T21:15:00-00:00,SP15,Wind,Renewable Forecast RTPD,RENEW_FCST_15MIN_MW,4,1,739.06,RTPD,4
2024-02-18,14,2,2024-02-18T21:15:00-00:00,2024-02-18T21:30:00-00:00,SP15,Wind,Renewable Forecast RTPD,RENEW_FCST_15MIN_MW,4,1,759.1,RTPD,4
2024-02-18,14,3,2024-02-18T21:30:00-00:00,2024-02-18T21:45:00-00:00,SP15,Wind,Renewable Forecast RTPD,RENEW_FCST_15MIN_MW,4,1,828.06,RTPD,4
2024-02-18,14,4,2024-02-18T21:45:00-00:00,2024-02-18T22:00:00-00:00,SP15,Wind,Renewable Forecast RTPD,RENEW_FCST_15MIN_MW,4,1,784.69,RTPD,4
2024-02-18,15,1,2024-02-18T22:00:00-00:00,2024-02-18T22:15:00-00:00,SP15,Wind,Renewable Forecast RTPD,RENEW_FCST_15MIN_MW,4,1,792.72,RTPD,4
2024-02-18,15,2,2024-02-18T22:15:00-00:00,2024-02-18T22:30:00-00:00,SP15,Wind,Renewable Forecast RTPD,RENEW_FCST_15MIN_MW,4,1,782.9,RTPD,4
2024-02-18,15,3,2024-02-18T22:30:00-00:00,2024-02-18T22:45:00-00:00,SP15,Wind,Renewable Forecast RTPD,RENEW_FCST_15MIN_MW,4,1,806.67,RTPD,4
2024-02-18,15,4,2024-02-18T22:45:00-00:00,2024-02-18T23:00:00-00:00,SP15,Wind,Renewable Forecast RTPD,RENEW_FCST_15MIN_MW,4,1,851.76,RTPD,4
2024-02-18,16,1,2024-02-18T23:00:00-00:00,2024-02-18T23:15:00-00:00,SP15,Wind,Renewable Forecast RTPD,RENEW_FCST_15MIN_MW,4,1,949.66,RTPD,4
2024-02-18,16,2,2024-02-18T23:15:00-00:00,2024-02-18T23:30:00-00:00,SP15,Wind,Renewable Forecast RTPD,RENEW_FCST_15MIN_MW,4,1,1044.72,RTPD,4
2024-02-18,16,3,2024-02-18T23:30:00-00:00,2024-02-18T23:45:00-00:00,SP15,Wind,Renewable Forecast RTPD,RENEW_FCST_15MIN_MW,4,1,1090.81,RTPD,4
2024-02-18,16,4,2024-02-18T23:45:00-00:00,2024-02-19T00:00:00-00:00,SP15,Wind,Renewable Forecast RTPD,RENEW_FCST_15MIN_MW,4,1,1050.82,RTPD,4
2024-02-18,17,1,2024-02-19T00:00:00-00:00,2024-02-19T00:15:00-00:00,SP15,Wind,Renewable Forecast RTPD,RENEW_FCST_15MIN_MW,4,1,1090.04,RTPD,4
2024-02-18,17,2,2024-02-19T00:15:00-00:00,2024-02-19T00:30:00-00:00,SP15,Wind,Renewable Forecast RTPD,RENEW_FCST_15MIN_MW,4,1,1054.18,RTPD,4
2024-02-18,17,3,2024-02-19T00:30:00-00:00,2024-02-19T00:45:00-00:00,SP15,Wind,Renewable Forecast RTPD,RENEW_FCST_15MIN_MW,4,1,983.04,RTPD,4
2024-02-18,17,4,2024-02-19T00:45:00-00:00,2024-02-19T01:00:00-00:00,SP15,Wind,Renewable Forecast RTPD,RENEW_FCST_15MIN_MW,4,1,982.74,RTPD,4
2024-02-18,18,1,2024-02-19T01:00:00-00:00,2024-02-19T01:15:00-00:00,SP15,Wind,Renewable Forecast RTPD,RENEW_FCST_15MIN_MW,4,1,965.54,RTPD,4
2024-02-18,18,2,2024-02-19T01:15:00-00:00,2024-02-19T01:30:00-00:00,SP15,Wind,Renewable Forecast RTPD,RENEW_FCST_15MIN_MW,4,1,992.15,RTPD,4
2024-02-18,18,3,2024-02-19T01:30:00-00:00,2024-02-19T01:45:00-00:00,SP15,Wind,Renewable Forecast RTPD,RENEW_FCST_15MIN_MW,4,1,905.96,RTPD,4
2024-02-18,18,4,2024-02-19T01:45:00-00:00,2024-02-19T02:00:00-00:00,SP15,Wind,Renewable Forecast RTPD,RENEW_FCST_15MIN_MW,4,1,834.7,RTPD,4
2024-02-18,19,1,2024-02-19T02:00:00-00:00,2024-02-19T02:15:00-00:00,SP15,Wind,Renewable Forecast RTPD,RENEW_FCST_15MIN_MW,4,1,797.83,RTPD,4
2024-02-18,19,2,2024-02-19T02:15:00-00:00,2024-02-19T02:30:00-00:00,SP15,Wind,Renewable Forecast RTPD,RENEW_FCST_15MIN_MW,4,1,776.73,RTPD,4
2024-02-18,19,3,2024-02-19T02:30:00-00:00,2024-02-19T02:45:00-00:00,SP15,Wind,Renewable Forecast RTPD,RENEW_FCST_15MIN_MW,4,1,856.13,RTPD,4
2024-02-18,19,4,2024-02-19T02:45:00-00:00,2024-02-19T03:00:00-00:00,SP15,Wind,Renewable Forecast RTPD,RENEW_FCST_15MIN_MW,4,1,740.53,RTPD,4
2024-02-18,20,1,2024-02-19T03:00:00-00:00,2024-02-19T03:15:00-00:00,SP15,Wind,Renewable Forecast RTPD,RENEW_FCST_15MIN_MW,4,1,744.43,RTPD,4
2024-02-18,20,2,2024-02-19T03:15:00-00:00,2024-02-19T03:30:00-00:00,SP15,Wind,Renewable Forecast RTPD,RENEW_FCST_15MIN_MW,4,1,722.87,RTPD,4
2024-02-18,20,3,2024-02-19T03:30:00-00:00,2024-02-19T03:45:00-00:00,SP15,Wind,Renewable Forecast RTPD,RENEW_FCST_15MIN_MW,4,1,688.73,RTPD,4
2024-02-18,20,4,2024-02-19T03:45:00-00:00,2024-02-19T04:00:00-00:00,SP15,Wind,Renewable Forecast RTPD,RENEW_FCST_15MIN_MW,4,1,538.42,RTPD,4
2024-02-18,21,1,2024-02-19T04:00:00-00:00,2024-02-19T04:15:00-00:00,SP15,Wind,Renewable Forecast RTPD,RENEW_FCST_15MIN_MW,4,1,506.19,RTPD,4
2024-02-18,21,2,2024-02-19T04:15:00-00:00,2024-02-19T04:30:00-00:00,SP15,Wind,Renewable Forecast RTPD,RENEW_FCST_15MIN_MW,4,1,505.93,RTPD,4
2024-02-18,21,3,2024-02-19T04:30:00-00:00,2024-02-19T04:45:00-00:00,SP15,Wind,Renewable Forecast RTPD,RENEW_FCST_15MIN_MW,4,1,544.09,RTPD,4
2024-02-18,21,4,2024-02-19T04:45:00-00:00,2024-02-19T05:00:00-00:00,SP15,Wind,Renewable Forecast RTPD,RENEW_FCST_15MIN_MW,4,1,479.27,RTPD,4
2024-02-18,22,1,2024-02-19T05:00:00-00:00,2024-02-19T05:15:00-00:00,SP15,Wind,Renewable Forecast RTPD,RENEW_FCST_15MIN_MW,4,1,452.05,RTPD,4
2024-02-18,22,2,2024-02-19T05:15:00-00:00,2024-02-19T05:30:00-00:00,SP15,Wind,Renewable Forecast RTPD,RENEW_FCST_15MIN_MW,4,1,425.95,RTPD,4
2024-02-18,22,3,2024-02-19T05:30:00-00:00,2024-02-19T05:45:00-00:00,SP15,Wind,Renewable Forecast RTPD,RENEW_FCST_15MIN_MW,4,1,393.19,RTPD,4
2024-02-18,22,4,2024-02-19T05:45:00-00:00,2024-02-19T06:00:00-00:00,SP15,Wind,Renewable Forecast RTPD,RENEW_FCST_15MIN_MW,4,1,403.2,RTPD,4
2024-02-18,23,1,2024-02-19T06:00:00-00:00,2024-02-19T06:15:00-00:00,SP15,Wind,Renewable Forecast RTPD,RENEW_FCST_15MIN_MW,4,1,413.79,RTPD,4
2024-02-18,23,2,2024-02-19T06:15:00-00:00,2024-02-19T06:30:00-00:00,SP15,Wind,Renewable Forecast RTPD,RENEW_FCST_15MIN_MW,4,1,465.17,RTPD,4
2024-02-18,23,3,2024-02-19T06:30:00-00:00,2024-02-19T06:45:00-00:00,SP15,Wind,Renewable Forecast RTPD,RENEW_FCST_15MIN_MW,4,1,452.61,RTPD,4
2024-02-18,23,4,2024-02-19T06:45:00-00:00,2024-02-19T07:00:00-00:00,SP15,Wind,Renewable Forecast RTPD,RENEW_FCST_15MIN_MW,4,1,465.68,RTPD,4
2024-02-18,24,1,2024-02-19T07:00:00-00:00,2024-02-19T07:15:00-00:00,SP15,Wind,Renewable Forecast RTPD,RENEW_FCST_15MIN_MW,4,1,470.78,RTPD,4
2024-02-18,24,2,2024-02-19T07:15:00-00:00,2024-02-19T07:30:00-00:00,SP15,Wind,Renewable Forecast RTPD,RENEW_FCST_15MIN_MW,4,1,498.1,RTPD,4
2024-02-18,24,3,2024-02-19T07:30:00-00:00,2024-02-19T07:45:00-00:00,SP15,Wind,Renewable Forecast RTPD,RENEW_FCST_15MIN_MW,4,1,557.56,RTPD,4
2024-02-18,24,4,2024-02-19T07:45:00-00:00,2024-02-19T08:00:00-00:00,SP15,Wind,Renewable Forecast RTPD,RENEW_FCST_15MIN_MW,4,1,586.02,RTPD,4
2024-02-18,17,1,2024-02-19T00:00:00-00:00,2024-02-19T00:15:00-00:00,ZP26,Solar,Renewable Forecast RTPD,RENEW_FCST_15MIN_MW,4,2,616.43,RTPD,5
2024-02-18,17,2,2024-02-19T00:15:00-00:00,2024-02-19T00:30:00-00:00,ZP26,Solar,Renewable Forecast RTPD,RENEW_FCST_15MIN_MW,4,2,445.02,RTPD,5
2024-02-18,17,3,2024-02-19T00:30:00-00:00,2024-02-19T00:45:00-00:00,ZP26,Solar,Renewable Forecast RTPD,RENEW_FCST_15MIN_MW,4,2,249.19,RTPD,5
2024-02-18,17,4,2024-02-19T00:45:00-00:00,2024-02-19T01:00:00-00:00,ZP26,Solar,Renewable Forecast RTPD,RENEW_FCST_15MIN_MW,4,2,136.86,RTPD,5
2024-02-18,18,1,2024-02-19T01:00:00-00:00,2024-02-19T01:15:00-00:00,ZP26,Solar,Renewable Forecast RTPD,RENEW_FCST_15MIN_MW,4,2,61.79,RTPD,5
2024-02-18,18,2,2024-02-19T01:15:00-00:00,2024-02-19T01:30:00-00:00,ZP26,Solar,Renewable Forecast RTPD,RENEW_FCST_15MIN_MW,4,2,22.17,RTPD,5
2024-02-18,18,3,2024-02-19T01:30:00-00:00,2024-02-19T01:45:00-00:00,ZP26,Solar,Renewable Forecast RTPD,RENEW_FCST_15MIN_MW,4,2,1.9,RTPD,5
2024-02-18,18,4,2024-02-19T01:45:00-00:00,2024-02-19T02:00:00-00:00,ZP26,Solar,Renewable Forecast RTPD,RENEW_FCST_15MIN_MW,4,2,0,RTPD,5
2024-02-18,19,1,2024-02-19T02:00:00-00:00,2024-02-19T02:15:00-00:00,ZP26,Solar,Renewable Forecast RTPD,RENEW_FCST_15MIN_MW,4,2,0,RTPD,5
2024-02-18,19,2,2024-02-19T02:15:00-00:00,2024-02-19T02:30:00-00:00,ZP26,Solar,Renewable Forecast RTPD,RENEW_FCST_15MIN_MW,4,2,0,RTPD,5
2024-02-18,19,3,2024-02-19T02:30:00-00:00,2024-02-19T02:45:00-00:00,ZP26,Solar,Renewable Forecast RTPD,RENEW_FCST_15MIN_MW,4,2,0,RTPD,5
2024-02-18,19,4,2024-02-19T02:45:00-00:00,2024-02-19T03:00:00-00:00,ZP26,Solar,Renewable Forecast RTPD,RENEW_FCST_15MIN_MW,4,2,0,RTPD,5
2024-02-18,20,1,2024-02-19T03:00:00-00:00,2024-02-19T03:15:00-00:00,ZP26,Solar,Renewable Forecast RTPD,RENEW_FCST_15MIN_MW,4,2,0,RTPD,5
2024-02-18,20,2,2024-02-19T03:15:00-00:00,2024-02-19T03:30:00-00:00,ZP26,Solar,Renewable Forecast RTPD,RENEW_FCST_15MIN_MW,4,2,0,RTPD,5
2024-02-18,20,3,2024-02-19T03:30:00-00:00,2024-02-19T03:45:00-00:00,ZP26,Solar,Renewable Forecast RTPD,RENEW_FCST_15MIN_MW,4,2,0,RTPD,5
2024-02-18,20,4,2024-02-19T03:45:00-00:00,2024-02-19T04:00:00-00:00,ZP26,Solar,Renewable Forecast RTPD,RENEW_FCST_15MIN_MW,4,2,0,RTPD,5
2024-02-18,21,1,2024-02-19T04:00:00-00:00,2024-02-19T04:15:00-00:00,ZP26,Solar,Renewable Forecast RTPD,RENEW_FCST_15MIN_MW,4,2,0,RTPD,5
2024-02-18,21,2,2024-02-19T04:15:00-00:00,2024-02-19T04:30:00-00:00,ZP26,Solar,Renewable Forecast RTPD,RENEW_FCST_15MIN_MW,4,2,0,RTPD,5
2024-02-18,21,3,2024-02-19T04:30:00-00:00,2024-02-19T04:45:00-00:00,ZP26,Solar,Renewable Forecast RTPD,RENEW_FCST_15MIN_MW,4,2,0,RTPD,5
2024-02-18,21,4,2024-02-19T04:45:00-00:00,2024-02-19T05:00:00-00:00,ZP26,Solar,Renewable Forecast RTPD,RENEW_FCST_15MIN_MW,4,2,0,RTPD,5
2024-02-18,22,1,2024-02-19T05:00:00-00:00,2024-02-19T05:15:00-00:00,ZP26,Solar,Renewable Forecast RTPD,RENEW_FCST_15MIN_MW,4,2,0,RTPD,5
2024-02-18,22,2,2024-02-19T05:15:00-00:00,2024-02-19T05:30:00-00:00,ZP26,Solar,Renewable Forecast RTPD,RENEW_FCST_15MIN_MW,4,2,0,RTPD,5
2024-02-18,22,3,2024-02-19T05:30:00-00:00,2024-02-19T05:45:00-00:00,ZP26,Solar,Renewable Forecast RTPD,RENEW_FCST_15MIN_MW,4,2,0,RTPD,5
2024-02-18,22,4,2024-02-19T05:45:00-00:00,2024-02-19T06:00:00-00:00,ZP26,Solar,Renewable Forecast RTPD,RENEW_FCST_15MIN_MW,4,2,0,RTPD,5
2024-02-18,23,1,2024-02-19T06:00:00-00:00,2024-02-19T06:15:00-00:00,ZP26,Solar,Renewable Forecast RTPD,RENEW_FCST_15MIN_MW,4,2,0,RTPD,5
2024-02-18,23,2,2024-02-19T06:15:00-00:00,2024-02-19T06:30:00-00:00,ZP26,Solar,Renewable Forecast RTPD,RENEW_FCST_15MIN_MW,4,2,0,RTPD,5
2024-02-18,23,3,2024-02-19T06:30:00-00:00,2024-02-19T06:45:00-00:00,ZP26,Solar,Renewable Forecast RTPD,RENEW_FCST_15MIN_MW,4,2,0,RTPD,5
2024-02-18,23,4,2024-02-19T06:45:00-00:00,2024-02-19T07:00:00-00:00,ZP26,Solar,Renewable Forecast RTPD,RENEW_FCST_15MIN_MW,4,2,0,RTPD,5
2024-02-18,24,1,2024-02-19T07:00:00-00:00,2024-02-19T07:15:00-00:00,ZP26,Solar,Renewable Forecast RTPD,RENEW_FCST_15MIN_MW,4,2,0,RTPD,5
2024-02-18,24,2,2024-02-19T07:15:00-00:00,2024-02-19T07:30:00-00:00,ZP26,Solar,Renewable Forecast RTPD,RENEW_FCST_15MIN_MW,4,2,0,RTPD,5
2024-02-18,24,3,2024-02-19T07:30:00-00:00,2024-02-19T07:45:00-00:00,ZP26,Solar,Renewable Forecast RTPD,RENEW_FCST_15MIN_MW,4,2,0,RTPD,5
2024-02-18,24,4,2024-02-19T07:45:00-00:00,2024-02-19T08:00:00-00:00,ZP26,Solar,Renewable Forecast RTPD,RENEW_FCST_15MIN_MW,4,2,0,RTPD,5
2024-02-18,9,1,2024-02-18T16:00:00-00:00,2024-02-18T16:15:00-00:00,ZP26,Solar,Renewable Forecast RTPD,RENEW_FCST_15MIN_MW,4,2,904.23,RTPD,5
2024-02-18,9,2,2024-02-18T16:15:00-00:00,2024-02-18T16:30:00-00:00,ZP26,Solar,Renewable Forecast RTPD,RENEW_FCST_15MIN_MW,4,2,1156.07,RTPD,5
2024-02-18,9,3,2024-02-18T16:30:00-00:00,2024-02-18T16:45:00-00:00,ZP26,Solar,Renewable Forecast RTPD,RENEW_FCST_15MIN_MW,4,2,1317.49,RTPD,5
2024-02-18,9,4,2024-02-18T16:45:00-00:00,2024-02-18T17:00:00-00:00,ZP26,Solar,Renewable Forecast RTPD,RENEW_FCST_15MIN_MW,4,2,1449.95,RTPD,5
2024-02-18,10,1,2024-02-18T17:00:00-00:00,2024-02-18T17:15:00-00:00,ZP26,Solar,Renewable Forecast RTPD,RENEW_FCST_15MIN_MW,4,2,1628.54,RTPD,5
2024-02-18,10,2,2024-02-18T17:15:00-00:00,2024-02-18T17:30:00-00:00,ZP26,Solar,Renewable Forecast RTPD,RENEW_FCST_15MIN_MW,4,2,1793.99,RTPD,5
2024-02-18,10,3,2024-02-18T17:30:00-00:00,2024-02-18T17:45:00-00:00,ZP26,Solar,Renewable Forecast RTPD,RENEW_FCST_15MIN_MW,4,2,1864,RTPD,5
2024-02-18,10,4,2024-02-18T17:45:00-00:00,2024-02-18T18:00:00-00:00,ZP26,Solar,Renewable Forecast RTPD,RENEW_FCST_15MIN_MW,4,2,1927.82,RTPD,5
2024-02-18,11,1,2024-02-18T18:00:00-00:00,2024-02-18T18:15:00-00:00,ZP26,Solar,Renewable Forecast RTPD,RENEW_FCST_15MIN_MW,4,2,1959.65,RTPD,5
2024-02-18,11,2,2024-02-18T18:15:00-00:00,2024-02-18T18:30:00-00:00,ZP26,Solar,Renewable Forecast RTPD,RENEW_FCST_15MIN_MW,4,2,1971.59,RTPD,5
2024-02-18,11,3,2024-02-18T18:30:00-00:00,2024-02-18T18:45:00-00:00,ZP26,Solar,Renewable Forecast RTPD,RENEW_FCST_15MIN_MW,4,2,1994.27,RTPD,5
2024-02-18,11,4,2024-02-18T18:45:00-00:00,2024-02-18T19:00:00-00:00,ZP26,Solar,Renewable Forecast RTPD,RENEW_FCST_15MIN_MW,4,2,1969.14,RTPD,5
2024-02-18,12,1,2024-02-18T19:00:00-00:00,2024-02-18T19:15:00-00:00,ZP26,Solar,Renewable Forecast RTPD,RENEW_FCST_15MIN_MW,4,2,1968.85,RTPD,5
2024-02-18,12,2,2024-02-18T19:15:00-00:00,2024-02-18T19:30:00-00:00,ZP26,Solar,Renewable Forecast RTPD,RENEW_FCST_15MIN_MW,4,2,1977.74,RTPD,5
2024-02-18,12,3,2024-02-18T19:30:00-00:00,2024-02-18T19:45:00-00:00,ZP26,Solar,Renewable Forecast RTPD,RENEW_FCST_15MIN_MW,4,2,1765.82,RTPD,5
2024-02-18,12,4,2024-02-18T19:45:00-00:00,2024-02-18T20:00:00-00:00,ZP26,Solar,Renewable Forecast RTPD,RENEW_FCST_15MIN_MW,4,2,1859.02,RTPD,5
2024-02-18,13,1,2024-02-18T20:00:00-00:00,2024-02-18T20:15:00-00:00,ZP26,Solar,Renewable Forecast RTPD,RENEW_FCST_15MIN_MW,4,2,1750.63,RTPD,5
2024-02-18,13,2,2024-02-18T20:15:00-00:00,2024-02-18T20:30:00-00:00,ZP26,Solar,Renewable Forecast RTPD,RENEW_FCST_15MIN_MW,4,2,1762.38,RTPD,5
2024-02-18,13,3,2024-02-18T20:30:00-00:00,2024-02-18T20:45:00-00:00,ZP26,Solar,Renewable Forecast RTPD,RENEW_FCST_15MIN_MW,4,2,1643.17,RTPD,5
2024-02-18,13,4,2024-02-18T20:45:00-00:00,2024-02-18T21:00:00-00:00,ZP26,Solar,Renewable Forecast RTPD,RENEW_FCST_15MIN_MW,4,2,1623.52,RTPD,5
2024-02-18,14,1,2024-02-18T21:00:00-00:00,2024-02-18T21:15:00-00:00,ZP26,Solar,Renewable Forecast RTPD,RENEW_FCST_15MIN_MW,4,2,1636.83,RTPD,5
2024-02-18,14,2,2024-02-18T21:15:00-00:00,2024-02-18T21:30:00-00:00,ZP26,Solar,Renewable Forecast RTPD,RENEW_FCST_15MIN_MW,4,2,1652.85,RTPD,5
2024-02-18,14,3,2024-02-18T21:30:00-00:00,2024-02-18T21:45:00-00:00,ZP26,Solar,Renewable Forecast RTPD,RENEW_FCST_15MIN_MW,4,2,1497.21,RTPD,5
2024-02-18,14,4,2024-02-18T21:45:00-00:00,2024-02-18T22:00:00-00:00,ZP26,Solar,Renewable Forecast RTPD,RENEW_FCST_15MIN_MW,4,2,1529.2,RTPD,5
2024-02-18,15,1,2024-02-18T22:00:00-00:00,2024-02-18T22:15:00-00:00,ZP26,Solar,Renewable Forecast RTPD,RENEW_FCST_15MIN_MW,4,2,1555.12,RTPD,5
2024-02-18,15,2,2024-02-18T22:15:00-00:00,2024-02-18T22:30:00-00:00,ZP26,Solar,Renewable Forecast RTPD,RENEW_FCST_15MIN_MW,4,2,1474.98,RTPD,5
2024-02-18,15,3,2024-02-18T22:30:00-00:00,2024-02-18T22:45:00-00:00,ZP26,Solar,Renewable Forecast RTPD,RENEW_FCST_15MIN_MW,4,2,1506.46,RTPD,5
2024-02-18,15,4,2024-02-18T22:45:00-00:00,2024-02-18T23:00:00-00:00,ZP26,Solar,Renewable Forecast RTPD,RENEW_FCST_15MIN_MW,4,2,1457.52,RTPD,5
2024-02-18,16,1,2024-02-18T23:00:00-00:00,2024-02-18T23:15:00-00:00,ZP26,Solar,Renewable Forecast RTPD,RENEW_FCST_15MIN_MW,4,2,1243.76,RTPD,5
2024-02-18,16,2,2024-02-18T23:15:00-00:00,2024-02-18T23:30:00-00:00,ZP26,Solar,Renewable Forecast RTPD,RENEW_FCST_15MIN_MW,4,2,1003.81,RTPD,5
2024-02-18,16,3,2024-02-18T23:30:00-00:00,2024-02-18T23:45:00-00:00,ZP26,Solar,Renewable Forecast RTPD,RENEW_FCST_15MIN_MW,4,2,961.67,RTPD,5
2024-02-18,16,4,2024-02-18T23:45:00-00:00,2024-02-19T00:00:00-00:00,ZP26,Solar,Renewable Forecast RTPD,RENEW_FCST_15MIN_MW,4,2,867.11,RTPD,5
2024-02-18,1,1,2024-02-18T08:00:00-00:00,2024-02-18T08:15:00-00:00,ZP26,Solar,Renewable Forecast RTPD,RENEW_FCST_15MIN_MW,4,2,0,RTPD,5
2024-02-18,1,2,2024-02-18T08:15:00-00:00,2024-02-18T08:30:00-00:00,ZP26,Solar,Renewable Forecast RTPD,RENEW_FCST_15MIN_MW,4,2,0,RTPD,5
2024-02-18,1,3,2024-02-18T08:30:00-00:00,2024-02-18T08:45:00-00:00,ZP26,Solar,Renewable Forecast RTPD,RENEW_FCST_15MIN_MW,4,2,0,RTPD,5
2024-02-18,1,4,2024-02-18T08:45:00-00:00,2024-02-18T09:00:00-00:00,ZP26,Solar,Renewable Forecast RTPD,RENEW_FCST_15MIN_MW,4,2,0,RTPD,5
2024-02-18,2,1,2024-02-18T09:00:00-00:00,2024-02-18T09:15:00-00:00,ZP26,Solar,Renewable Forecast RTPD,RENEW_FCST_15MIN_MW,4,2,0,RTPD,5
2024-02-18,2,2,2024-02-18T09:15:00-00:00,2024-02-18T09:30:00-00:00,ZP26,Solar,Renewable Forecast RTPD,RENEW_FCST_15MIN_MW,4,2,0,RTPD,5
2024-02-18,2,3,2024-02-18T09:30:00-00:00,2024-02-18T09:45:00-00:00,ZP26,Solar,Renewable Forecast RTPD,RENEW_FCST_15MIN_MW,4,2,0,RTPD,5
2024-02-18,2,4,2024-02-18T09:45:00-00:00,2024-02-18T10:00:00-00:00,ZP26,Solar,Renewable Forecast RTPD,RENEW_FCST_15MIN_MW,4,2,0,RTPD,5
2024-02-18,3,1,2024-02-18T10:00:00-00:00,2024-02-18T10:15:00-00:00,ZP26,Solar,Renewable Forecast RTPD,RENEW_FCST_15MIN_MW,4,2,0,RTPD,5
2024-02-18,3,2,2024-02-18T10:15:00-00:00,2024-02-18T10:30:00-00:00,ZP26,Solar,Renewable Forecast RTPD,RENEW_FCST_15MIN_MW,4,2,0,RTPD,5
2024-02-18,3,3,2024-02-18T10:30:00-00:00,2024-02-18T10:45:00-00:00,ZP26,Solar,Renewable Forecast RTPD,RENEW_FCST_15MIN_MW,4,2,0,RTPD,5
2024-02-18,3,4,2024-02-18T10:45:00-00:00,2024-02-18T11:00:00-00:00,ZP26,Solar,Renewable Forecast RTPD,RENEW_FCST_15MIN_MW,4,2,0,RTPD,5
2024-02-18,4,1,2024-02-18T11:00:00-00:00,2024-02-18T11:15:00-00:00,ZP26,Solar,Renewable Forecast RTPD,RENEW_FCST_15MIN_MW,4,2,0,RTPD,5
2024-02-18,4,2,2024-02-18T11:15:00-00:00,2024-02-18T11:30:00-00:00,ZP26,Solar,Renewable Forecast RTPD,RENEW_FCST_15MIN_MW,4,2,0,RTPD,5
2024-02-18,4,3,2024-02-18T11:30:00-00:00,2024-02-18T11:45:00-00:00,ZP26,Solar,Renewable Forecast RTPD,RENEW_FCST_15MIN_MW,4,2,0,RTPD,5
2024-02-18,4,4,2024-02-18T11:45:00-00:00,2024-02-18T12:00:00-00:00,ZP26,Solar,Renewable Forecast RTPD,RENEW_FCST_15MIN_MW,4,2,0,RTPD,5
2024-02-18,5,1,2024-02-18T12:00:00-00:00,2024-02-18T12:15:00-00:00,ZP26,Solar,Renewable Forecast RTPD,RENEW_FCST_15MIN_MW,4,2,0,RTPD,5
2024-02-18,5,2,2024-02-18T12:15:00-00:00,2024-02-18T12:30:00-00:00,ZP26,Solar,Renewable Forecast RTPD,RENEW_FCST_15MIN_MW,4,2,0,RTPD,5
2024-02-18,5,3,2024-02-18T12:30:00-00:00,2024-02-18T12:45:00-00:00,ZP26,Solar,Renewable Forecast RTPD,RENEW_FCST_15MIN_MW,4,2,0,RTPD,5
2024-02-18,5,4,2024-02-18T12:45:00-00:00,2024-02-18T13:00:00-00:00,ZP26,Solar,Renewable Forecast RTPD,RENEW_FCST_15MIN_MW,4,2,0,RTPD,5
2024-02-18,6,1,2024-02-18T13:00:00-00:00,2024-02-18T13:15:00-00:00,ZP26,Solar,Renewable Forecast RTPD,RENEW_FCST_15MIN_MW,4,2,0,RTPD,5
2024-02-18,6,2,2024-02-18T13:15:00-00:00,2024-02-18T13:30:00-00:00,ZP26,Solar,Renewable Forecast RTPD,RENEW_FCST_15MIN_MW,4,2,0,RTPD,5
2024-02-18,6,3,2024-02-18T13:30:00-00:00,2024-02-18T13:45:00-00:00,ZP26,Solar,Renewable Forecast RTPD,RENEW_FCST_15MIN_MW,4,2,0,RTPD,5
2024-02-18,6,4,2024-02-18T13:45:00-00:00,2024-02-18T14:00:00-00:00,ZP26,Solar,Renewable Forecast RTPD,RENEW_FCST_15MIN_MW,4,2,0,RTPD,5
2024-02-18,7,1,2024-02-18T14:00:00-00:00,2024-02-18T14:15:00-00:00,ZP26,Solar,Renewable Forecast RTPD,RENEW_FCST_15MIN_MW,4,2,0,RTPD,5
2024-02-18,7,2,2024-02-18T14:15:00-00:00,2024-02-18T14:30:00-00:00,ZP26,Solar,Renewable Forecast RTPD,RENEW_FCST_15MIN_MW,4,2,0,RTPD,5
2024-02-18,7,3,2024-02-18T14:30:00-00:00,2024-02-18T14:45:00-00:00,ZP26,Solar,Renewable Forecast RTPD,RENEW_FCST_15MIN_MW,4,2,0.34,RTPD,5
2024-02-18,7,4,2024-02-18T14:45:00-00:00,2024-02-18T15:00:00-00:00,ZP26,Solar,Renewable Forecast RTPD,RENEW_FCST_15MIN_MW,4,2,10.74,RTPD,5
2024-02-18,8,1,2024-02-18T15:00:00-00:00,2024-02-18T15:15:00-00:00,ZP26,Solar,Renewable Forecast RTPD,RENEW_FCST_15MIN_MW,4,2,71.06,RTPD,5
2024-02-18,8,2,2024-02-18T15:15:00-00:00,2024-02-18T15:30:00-00:00,ZP26,Solar,Renewable Forecast RTPD,RENEW_FCST_15MIN_MW,4,2,202.92,RTPD,5
2024-02-18,8,3,2024-02-18T15:30:00-00:00,2024-02-18T15:45:00-00:00,ZP26,Solar,Renewable Forecast RTPD,RENEW_FCST_15MIN_MW,4,2,393.58,RTPD,5
2024-02-18,8,4,2024-02-18T15:45:00-00:00,2024-02-18T16:00:00-00:00,ZP26,Solar,Renewable Forecast RTPD,RENEW_FCST_15MIN_MW,4,2,616.65,RTPD,5
2024-02-18,1,1,2024-02-18T08:00:00-00:00,2024-02-18T08:15:00-00:00,ZP26,Wind,Renewable Forecast RTPD,RENEW_FCST_15MIN_MW,4,1,43.98,RTPD,6
2024-02-18,1,2,2024-02-18T08:15:00-00:00,2024-02-18T08:30:00-00:00,ZP26,Wind,Renewable Forecast RTPD,RENEW_FCST_15MIN_MW,4,1,43.1,RTPD,6
2024-02-18,1,3,2024-02-18T08:30:00-00:00,2024-02-18T08:45:00-00:00,ZP26,Wind,Renewable Forecast RTPD,RENEW_FCST_15MIN_MW,4,1,42.63,RTPD,6
2024-02-18,1,4,2024-02-18T08:45:00-00:00,2024-02-18T09:00:00-00:00,ZP26,Wind,Renewable Forecast RTPD,RENEW_FCST_15MIN_MW,4,1,42.2,RTPD,6
2024-02-18,2,1,2024-02-18T09:00:00-00:00,2024-02-18T09:15:00-00:00,ZP26,Wind,Renewable Forecast RTPD,RENEW_FCST_15MIN_MW,4,1,41.11,RTPD,6
2024-02-18,2,2,2024-02-18T09:15:00-00:00,2024-02-18T09:30:00-00:00,ZP26,Wind,Renewable Forecast RTPD,RENEW_FCST_15MIN_MW,4,1,41.23,RTPD,6
2024-02-18,2,3,2024-02-18T09:30:00-00:00,2024-02-18T09:45:00-00:00,ZP26,Wind,Renewable Forecast RTPD,RENEW_FCST_15MIN_MW,4,1,41.36,RTPD,6
2024-02-18,2,4,2024-02-18T09:45:00-00:00,2024-02-18T10:00:00-00:00,ZP26,Wind,Renewable Forecast RTPD,RENEW_FCST_15MIN_MW,4,1,41.5,RTPD,6
2024-02-18,3,1,2024-02-18T10:00:00-00:00,2024-02-18T10:15:00-00:00,ZP26,Wind,Renewable Forecast RTPD,RENEW_FCST_15MIN_MW,4,1,39.52,RTPD,6
2024-02-18,3,2,2024-02-18T10:15:00-00:00,2024-02-18T10:30:00-00:00,ZP26,Wind,Renewable Forecast RTPD,RENEW_FCST_15MIN_MW,4,1,41.16,RTPD,6
2024-02-18,3,3,2024-02-18T10:30:00-00:00,2024-02-18T10:45:00-00:00,ZP26,Wind,Renewable Forecast RTPD,RENEW_FCST_15MIN_MW,4,1,41.5,RTPD,6
2024-02-18,3,4,2024-02-18T10:45:00-00:00,2024-02-18T11:00:00-00:00,ZP26,Wind,Renewable Forecast RTPD,RENEW_FCST_15MIN_MW,4,1,41.91,RTPD,6
2024-02-18,4,1,2024-02-18T11:00:00-00:00,2024-02-18T11:15:00-00:00,ZP26,Wind,Renewable Forecast RTPD,RENEW_FCST_15MIN_MW,4,1,39.79,RTPD,6
2024-02-18,4,2,2024-02-18T11:15:00-00:00,2024-02-18T11:30:00-00:00,ZP26,Wind,Renewable Forecast RTPD,RENEW_FCST_15MIN_MW,4,1,40.48,RTPD,6
2024-02-18,4,3,2024-02-18T11:30:00-00:00,2024-02-18T11:45:00-00:00,ZP26,Wind,Renewable Forecast RTPD,RENEW_FCST_15MIN_MW,4,1,41.18,RTPD,6
2024-02-18,4,4,2024-02-18T11:45:00-00:00,2024-02-18T12:00:00-00:00,ZP26,Wind,Renewable Forecast RTPD,RENEW_FCST_15MIN_MW,4,1,41.9,RTPD,6
2024-02-18,5,1,2024-02-18T12:00:00-00:00,2024-02-18T12:15:00-00:00,ZP26,Wind,Renewable Forecast RTPD,RENEW_FCST_15MIN_MW,4,1,42.63,RTPD,6
2024-02-18,5,2,2024-02-18T12:15:00-00:00,2024-02-18T12:30:00-00:00,ZP26,Wind,Renewable Forecast RTPD,RENEW_FCST_15MIN_MW,4,1,40.56,RTPD,6
2024-02-18,5,3,2024-02-18T12:30:00-00:00,2024-02-18T12:45:00-00:00,ZP26,Wind,Renewable Forecast RTPD,RENEW_FCST_15MIN_MW,4,1,41.06,RTPD,6
2024-02-18,5,4,2024-02-18T12:45:00-00:00,2024-02-18T13:00:00-00:00,ZP26,Wind,Renewable Forecast RTPD,RENEW_FCST_15MIN_MW,4,1,41.6,RTPD,6
2024-02-18,6,1,2024-02-18T13:00:00-00:00,2024-02-18T13:15:00-00:00,ZP26,Wind,Renewable Forecast RTPD,RENEW_FCST_15MIN_MW,4,1,40.75,RTPD,6
2024-02-18,6,2,2024-02-18T13:15:00-00:00,2024-02-18T13:30:00-00:00,ZP26,Wind,Renewable Forecast RTPD,RENEW_FCST_15MIN_MW,4,1,41.67,RTPD,6
2024-02-18,6,3,2024-02-18T13:30:00-00:00,2024-02-18T13:45:00-00:00,ZP26,Wind,Renewable Forecast RTPD,RENEW_FCST_15MIN_MW,4,1,42.64,RTPD,6
2024-02-18,6,4,2024-02-18T13:45:00-00:00,2024-02-18T14:00:00-00:00,ZP26,Wind,Renewable Forecast RTPD,RENEW_FCST_15MIN_MW,4,1,43.65,RTPD,6
2024-02-18,7,1,2024-02-18T14:00:00-00:00,2024-02-18T14:15:00-00:00,ZP26,Wind,Renewable Forecast RTPD,RENEW_FCST_15MIN_MW,4,1,42.63,RTPD,6
2024-02-18,7,2,2024-02-18T14:15:00-00:00,2024-02-18T14:30:00-00:00,ZP26,Wind,Renewable Forecast RTPD,RENEW_FCST_15MIN_MW,4,1,43.11,RTPD,6
2024-02-18,7,3,2024-02-18T14:30:00-00:00,2024-02-18T14:45:00-00:00,ZP26,Wind,Renewable Forecast RTPD,RENEW_FCST_15MIN_MW,4,1,43.71,RTPD,6
2024-02-18,7,4,2024-02-18T14:45:00-00:00,2024-02-18T15:00:00-00:00,ZP26,Wind,Renewable Forecast RTPD,RENEW_FCST_15MIN_MW,4,1,44.96,RTPD,6
2024-02-18,8,1,2024-02-18T15:00:00-00:00,2024-02-18T15:15:00-00:00,ZP26,Wind,Renewable Forecast RTPD,RENEW_FCST_15MIN_MW,4,1,46.34,RTPD,6
2024-02-18,8,2,2024-02-18T15:15:00-00:00,2024-02-18T15:30:00-00:00,ZP26,Wind,Renewable Forecast RTPD,RENEW_FCST_15MIN_MW,4,1,47.66,RTPD,6
2024-02-18,8,3,2024-02-18T15:30:00-00:00,2024-02-18T15:45:00-00:00,ZP26,Wind,Renewable Forecast RTPD,RENEW_FCST_15MIN_MW,4,1,48.98,RTPD,6
2024-02-18,8,4,2024-02-18T15:45:00-00:00,2024-02-18T16:00:00-00:00,ZP26,Wind,Renewable Forecast RTPD,RENEW_FCST_15MIN_MW,4,1,50.31,RTPD,6
2024-02-18,17,1,2024-02-19T00:00:00-00:00,2024-02-19T00:15:00-00:00,ZP26,Wind,Renewable Forecast RTPD,RENEW_FCST_15MIN_MW,4,1,86.84,RTPD,6
2024-02-18,17,2,2024-02-19T00:15:00-00:00,2024-02-19T00:30:00-00:00,ZP26,Wind,Renewable Forecast RTPD,RENEW_FCST_15MIN_MW,4,1,87.98,RTPD,6
2024-02-18,17,3,2024-02-19T00:30:00-00:00,2024-02-19T00:45:00-00:00,ZP26,Wind,Renewable Forecast RTPD,RENEW_FCST_15MIN_MW,4,1,87.23,RTPD,6
2024-02-18,17,4,2024-02-19T00:45:00-00:00,2024-02-19T01:00:00-00:00,ZP26,Wind,Renewable Forecast RTPD,RENEW_FCST_15MIN_MW,4,1,86.43,RTPD,6
2024-02-18,18,1,2024-02-19T01:00:00-00:00,2024-02-19T01:15:00-00:00,ZP26,Wind,Renewable Forecast RTPD,RENEW_FCST_15MIN_MW,4,1,85.57,RTPD,6
2024-02-18,18,2,2024-02-19T01:15:00-00:00,2024-02-19T01:30:00-00:00,ZP26,Wind,Renewable Forecast RTPD,RENEW_FCST_15MIN_MW,4,1,84.68,RTPD,6
2024-02-18,18,3,2024-02-19T01:30:00-00:00,2024-02-19T01:45:00-00:00,ZP26,Wind,Renewable Forecast RTPD,RENEW_FCST_15MIN_MW,4,1,83.76,RTPD,6
2024-02-18,18,4,2024-02-19T01:45:00-00:00,2024-02-19T02:00:00-00:00,ZP26,Wind,Renewable Forecast RTPD,RENEW_FCST_15MIN_MW,4,1,82.83,RTPD,6
2024-02-18,19,1,2024-02-19T02:00:00-00:00,2024-02-19T02:15:00-00:00,ZP26,Wind,Renewable Forecast RTPD,RENEW_FCST_15MIN_MW,4,1,82.14,RTPD,6
2024-02-18,19,2,2024-02-19T02:15:00-00:00,2024-02-19T02:30:00-00:00,ZP26,Wind,Renewable Forecast RTPD,RENEW_FCST_15MIN_MW,4,1,82.28,RTPD,6
2024-02-18,19,3,2024-02-19T02:30:00-00:00,2024-02-19T02:45:00-00:00,ZP26,Wind,Renewable Forecast RTPD,RENEW_FCST_15MIN_MW,4,1,81.91,RTPD,6
2024-02-18,19,4,2024-02-19T02:45:00-00:00,2024-02-19T03:00:00-00:00,ZP26,Wind,Renewable Forecast RTPD,RENEW_FCST_15MIN_MW,4,1,81.58,RTPD,6
2024-02-18,20,1,2024-02-19T03:00:00-00:00,2024-02-19T03:15:00-00:00,ZP26,Wind,Renewable Forecast RTPD,RENEW_FCST_15MIN_MW,4,1,81.71,RTPD,6
2024-02-18,20,2,2024-02-19T03:15:00-00:00,2024-02-19T03:30:00-00:00,ZP26,Wind,Renewable Forecast RTPD,RENEW_FCST_15MIN_MW,4,1,82.08,RTPD,6
2024-02-18,20,3,2024-02-19T03:30:00-00:00,2024-02-19T03:45:00-00:00,ZP26,Wind,Renewable Forecast RTPD,RENEW_FCST_15MIN_MW,4,1,82.47,RTPD,6
2024-02-18,20,4,2024-02-19T03:45:00-00:00,2024-02-19T04:00:00-00:00,ZP26,Wind,Renewable Forecast RTPD,RENEW_FCST_15MIN_MW,4,1,82.88,RTPD,6
2024-02-18,21,1,2024-02-19T04:00:00-00:00,2024-02-19T04:15:00-00:00,ZP26,Wind,Renewable Forecast RTPD,RENEW_FCST_15MIN_MW,4,1,83.02,RTPD,6
2024-02-18,21,2,2024-02-19T04:15:00-00:00,2024-02-19T04:30:00-00:00,ZP26,Wind,Renewable Forecast RTPD,RENEW_FCST_15MIN_MW,4,1,82.15,RTPD,6
2024-02-18,21,3,2024-02-19T04:30:00-00:00,2024-02-19T04:45:00-00:00,ZP26,Wind,Renewable Forecast RTPD,RENEW_FCST_15MIN_MW,4,1,82.34,RTPD,6
2024-02-18,21,4,2024-02-19T04:45:00-00:00,2024-02-19T05:00:00-00:00,ZP26,Wind,Renewable Forecast RTPD,RENEW_FCST_15MIN_MW,4,1,82.23,RTPD,6
2024-02-18,22,1,2024-02-19T05:00:00-00:00,2024-02-19T05:15:00-00:00,ZP26,Wind,Renewable Forecast RTPD,RENEW_FCST_15MIN_MW,4,1,84.33,RTPD,6
2024-02-18,22,2,2024-02-19T05:15:00-00:00,2024-02-19T05:30:00-00:00,ZP26,Wind,Renewable Forecast RTPD,RENEW_FCST_15MIN_MW,4,1,84.14,RTPD,6
2024-02-18,22,3,2024-02-19T05:30:00-00:00,2024-02-19T05:45:00-00:00,ZP26,Wind,Renewable Forecast RTPD,RENEW_FCST_15MIN_MW,4,1,85.09,RTPD,6
2024-02-18,22,4,2024-02-19T05:45:00-00:00,2024-02-19T06:00:00-00:00,ZP26,Wind,Renewable Forecast RTPD,RENEW_FCST_15MIN_MW,4,1,85.87,RTPD,6
2024-02-18,23,1,2024-02-19T06:00:00-00:00,2024-02-19T06:15:00-00:00,ZP26,Wind,Renewable Forecast RTPD,RENEW_FCST_15MIN_MW,4,1,83.77,RTPD,6
2024-02-18,23,2,2024-02-19T06:15:00-00:00,2024-02-19T06:30:00-00:00,ZP26,Wind,Renewable Forecast RTPD,RENEW_FCST_15MIN_MW,4,1,86.79,RTPD,6
2024-02-18,23,3,2024-02-19T06:30:00-00:00,2024-02-19T06:45:00-00:00,ZP26,Wind,Renewable Forecast RTPD,RENEW_FCST_15MIN_MW,4,1,88.61,RTPD,6
2024-02-18,23,4,2024-02-19T06:45:00-00:00,2024-02-19T07:00:00-00:00,ZP26,Wind,Renewable Forecast RTPD,RENEW_FCST_15MIN_MW,4,1,89.46,RTPD,6
2024-02-18,24,1,2024-02-19T07:00:00-00:00,2024-02-19T07:15:00-00:00,ZP26,Wind,Renewable Forecast RTPD,RENEW_FCST_15MIN_MW,4,1,89.36,RTPD,6
2024-02-18,24,2,2024-02-19T07:15:00-00:00,2024-02-19T07:30:00-00:00,ZP26,Wind,Renewable Forecast RTPD,RENEW_FCST_15MIN_MW,4,1,88.89,RTPD,6
2024-02-18,24,3,2024-02-19T07:30:00-00:00,2024-02-19T07:45:00-00:00,ZP26,Wind,Renewable Forecast RTPD,RENEW_FCST_15MIN_MW,4,1,88.44,RTPD,6
2024-02-18,24,4,2024-02-19T07:45:00-00:00,2024-02-19T08:00:00-00:00,ZP26,Wind,Renewable Forecast RTPD,RENEW_FCST_15MIN_MW,4,1,88.05,RTPD,6
2024-02-18,9,1,2024-02-18T16:00:00-00:00,2024-02-18T16:15:00-00:00,ZP26,Wind,Renewable Forecast RTPD,RENEW_FCST_15MIN_MW,4,1,52.36,RTPD,6
2024-02-18,9,2,2024-02-18T16:15:00-00:00,2024-02-18T16:30:00-00:00,ZP26,Wind,Renewable Forecast RTPD,RENEW_FCST_15MIN_MW,4,1,55.27,RTPD,6
2024-02-18,9,3,2024-02-18T16:30:00-00:00,2024-02-18T16:45:00-00:00,ZP26,Wind,Renewable Forecast RTPD,RENEW_FCST_15MIN_MW,4,1,57.83,RTPD,6
2024-02-18,9,4,2024-02-18T16:45:00-00:00,2024-02-18T17:00:00-00:00,ZP26,Wind,Renewable Forecast RTPD,RENEW_FCST_15MIN_MW,4,1,60.24,RTPD,6
2024-02-18,10,1,2024-02-18T17:00:00-00:00,2024-02-18T17:15:00-00:00,ZP26,Wind,Renewable Forecast RTPD,RENEW_FCST_15MIN_MW,4,1,62.33,RTPD,6
2024-02-18,10,2,2024-02-18T17:15:00-00:00,2024-02-18T17:30:00-00:00,ZP26,Wind,Renewable Forecast RTPD,RENEW_FCST_15MIN_MW,4,1,58.43,RTPD,6
2024-02-18,10,3,2024-02-18T17:30:00-00:00,2024-02-18T17:45:00-00:00,ZP26,Wind,Renewable Forecast RTPD,RENEW_FCST_15MIN_MW,4,1,61.47,RTPD,6
2024-02-18,10,4,2024-02-18T17:45:00-00:00,2024-02-18T18:00:00-00:00,ZP26,Wind,Renewable Forecast RTPD,RENEW_FCST_15MIN_MW,4,1,64.33,RTPD,6
2024-02-18,11,1,2024-02-18T18:00:00-00:00,2024-02-18T18:15:00-00:00,ZP26,Wind,Renewable Forecast RTPD,RENEW_FCST_15MIN_MW,4,1,65.34,RTPD,6
2024-02-18,11,2,2024-02-18T18:15:00-00:00,2024-02-18T18:30:00-00:00,ZP26,Wind,Renewable Forecast RTPD,RENEW_FCST_15MIN_MW,4,1,66.62,RTPD,6
2024-02-18,11,3,2024-02-18T18:30:00-00:00,2024-02-18T18:45:00-00:00,ZP26,Wind,Renewable Forecast RTPD,RENEW_FCST_15MIN_MW,4,1,69.09,RTPD,6
2024-02-18,11,4,2024-02-18T18:45:00-00:00,2024-02-18T19:00:00-00:00,ZP26,Wind,Renewable Forecast RTPD,RENEW_FCST_15MIN_MW,4,1,71.38,RTPD,6
2024-02-18,12,1,2024-02-18T19:00:00-00:00,2024-02-18T19:15:00-00:00,ZP26,Wind,Renewable Forecast RTPD,RENEW_FCST_15MIN_MW,4,1,72.99,RTPD,6
2024-02-18,12,2,2024-02-18T19:15:00-00:00,2024-02-18T19:30:00-00:00,ZP26,Wind,Renewable Forecast RTPD,RENEW_FCST_15MIN_MW,4,1,74.22,RTPD,6
2024-02-18,12,3,2024-02-18T19:30:00-00:00,2024-02-18T19:45:00-00:00,ZP26,Wind,Renewable Forecast RTPD,RENEW_FCST_15MIN_MW,4,1,75.44,RTPD,6
2024-02-18,12,4,2024-02-18T19:45:00-00:00,2024-02-18T20:00:00-00:00,ZP26,Wind,Renewable Forecast RTPD,RENEW_FCST_15MIN_MW,4,1,76.6,RTPD,6
2024-02-18,13,1,2024-02-18T20:00:00-00:00,2024-02-18T20:15:00-00:00,ZP26,Wind,Renewable Forecast RTPD,RENEW_FCST_15MIN_MW,4,1,77.51,RTPD,6
2024-02-18,13,2,2024-02-18T20:15:00-00:00,2024-02-18T20:30:00-00:00,ZP26,Wind,Renewable Forecast RTPD,RENEW_FCST_15MIN_MW,4,1,79.37,RTPD,6
2024-02-18,13,3,2024-02-18T20:30:00-00:00,2024-02-18T20:45:00-00:00,ZP26,Wind,Renewable Forecast RTPD,RENEW_FCST_15MIN_MW,4,1,80.56,RTPD,6
2024-02-18,13,4,2024-02-18T20:45:00-00:00,2024-02-18T21:00:00-00:00,ZP26,Wind,Renewable Forecast RTPD,RENEW_FCST_15MIN_MW,4,1,81.7,RTPD,6
2024-02-18,14,1,2024-02-18T21:00:00-00:00,2024-02-18T21:15:00-00:00,ZP26,Wind,Renewable Forecast RTPD,RENEW_FCST_15MIN_MW,4,1,82.49,RTPD,6
2024-02-18,14,2,2024-02-18T21:15:00-00:00,2024-02-18T21:30:00-00:00,ZP26,Wind,Renewable Forecast RTPD,RENEW_FCST_15MIN_MW,4,1,83.11,RTPD,6
2024-02-18,14,3,2024-02-18T21:30:00-00:00,2024-02-18T21:45:00-00:00,ZP26,Wind,Renewable Forecast RTPD,RENEW_FCST_15MIN_MW,4,1,83.71,RTPD,6
2024-02-18,14,4,2024-02-18T21:45:00-00:00,2024-02-18T22:00:00-00:00,ZP26,Wind,Renewable Forecast RTPD,RENEW_FCST_15MIN_MW,4,1,84.29,RTPD,6
2024-02-18,15,1,2024-02-18T22:00:00-00:00,2024-02-18T22:15:00-00:00,ZP26,Wind,Renewable Forecast RTPD,RENEW_FCST_15MIN_MW,4,1,84.9,RTPD,6
2024-02-18,15,2,2024-02-18T22:15:00-00:00,2024-02-18T22:30:00-00:00,ZP26,Wind,Renewable Forecast RTPD,RENEW_FCST_15MIN_MW,4,1,85.15,RTPD,6
2024-02-18,15,3,2024-02-18T22:30:00-00:00,2024-02-18T22:45:00-00:00,ZP26,Wind,Renewable Forecast RTPD,RENEW_FCST_15MIN_MW,4,1,85.49,RTPD,6
2024-02-18,15,4,2024-02-18T22:45:00-00:00,2024-02-18T23:00:00-00:00,ZP26,Wind,Renewable Forecast RTPD,RENEW_FCST_15MIN_MW,4,1,85.82,RTPD,6
2024-02-18,16,1,2024-02-18T23:00:00-00:00,2024-02-18T23:15:00-00:00,ZP26,Wind,Renewable Forecast RTPD,RENEW_FCST_15MIN_MW,4,1,85.48,RTPD,6
2024-02-18,16,2,2024-02-18T23:15:00-00:00,2024-02-18T23:30:00-00:00,ZP26,Wind,Renewable Forecast RTPD,RENEW_FCST_15MIN_MW,4,1,87.04,RTPD,6
2024-02-18,16,3,2024-02-18T23:30:00-00:00,2024-02-18T23:45:00-00:00,ZP26,Wind,Renewable Forecast RTPD,RENEW_FCST_15MIN_MW,4,1,87.2,RTPD,6
2024-02-18,16,4,2024-02-18T23:45:00-00:00,2024-02-19T00:00:00-00:00,ZP26,Wind,Renewable Forecast RTPD,RENEW_FCST_15MIN_MW,4,1,87.28,RTPD,6
